地点名,カテゴリ,緯度,経度,確認済み,説明,注意メモ,Google Maps URL
羅臼町 しおかぜ公園(北海道東トレイル終点候補),起点・終点,44.0209,145.1898,FALSE,北側起点/終点。知床の海に到達するゴール地点。,公式サイトで羅臼側起点として言及。座標は要最終確認。,"https://www.google.com/maps/search/?api=1&query=44.0209,145.1898"
釧路市 幣舞橋公園(北海道東トレイル起点候補),起点・終点,42.9849,144.3825,FALSE,南側起点。ここから湿原・酪農・カルデラ・畑作・海へ北上する旅の入口。,公式サイトで釧路側起点として言及。座標は要最終確認。,"https://www.google.com/maps/search/?api=1&query=42.9849,144.3825"
北海道東トレイル 川湯オフィス / 川湯ビジターセンター,情報拠点,43.6361,144.4388,FALSE,トレイル中間の情報収集拠点。計画・天候・通行情報の確認ポイント。,公式サイトに所在地・開館情報あり。,"https://www.google.com/maps/search/?api=1&query=43.6361,144.4388"
細岡ビジターズラウンジ,情報拠点,43.104,144.492,FALSE,湿原の成り立ちを学べる休憩・情報ポイント。,モデルコース本文で言及。,"https://www.google.com/maps/search/?api=1&query=43.104,144.492"
川湯温泉駅,交通,43.6164,144.4562,FALSE,鉄道アクセス拠点。川湯温泉街とは距離があるため移動計画に注意。,MVP候補。,"https://www.google.com/maps/search/?api=1&query=43.6164,144.4562"
摩周駅,交通,43.4858,144.4569,FALSE,鉄道アクセスと町中補給の起点。,MVP候補。,"https://www.google.com/maps/search/?api=1&query=43.4858,144.4569"
清里町駅,交通,43.835,144.5947,FALSE,鉄道アクセス・町中補給の起点。,MVP候補。,"https://www.google.com/maps/search/?api=1&query=43.835,144.5947"
知床斜里駅,交通,43.9108,144.6615,FALSE,知床方面の主要アクセス駅。,MVP候補。,"https://www.google.com/maps/search/?api=1&query=43.9108,144.6615"
遠矢駅,交通,43.0347,144.4587,FALSE,湿原コースのスタート地点。鉄道アクセスを使った日帰り導入に最適。,モデルコースで起点として記載。,"https://www.google.com/maps/search/?api=1&query=43.0347,144.4587"
釧路湿原駅,交通,43.1063,144.4859,FALSE,湿原コースの帰着駅。日帰りコースの出口。,モデルコースで終点として記載。,"https://www.google.com/maps/search/?api=1&query=43.1063,144.4859"
中標津空港,空港,43.5775,144.96,FALSE,遠方利用者の玄関口。ツアー造成時の集合・解散候補。,MVP候補。,"https://www.google.com/maps/search/?api=1&query=43.5775,144.96"
中標津町中心部,町,43.5552,144.9718,FALSE,空港・宿泊・食事・補給の広域拠点。観光導線のハブ候補。,MVP候補。ルート直結性は要確認。,"https://www.google.com/maps/search/?api=1&query=43.5552,144.9718"
小清水町中心部,町,43.8568,144.4619,FALSE,斜里・清里・網走方面の連携補給候補。,ルート直接性は要確認。,"https://www.google.com/maps/search/?api=1&query=43.8568,144.4619"
川湯温泉街,町,43.6388,144.4382,FALSE,温泉・宿泊・休息の重要拠点。長距離歩行の回復地点。,公式オフィス所在地周辺。,"https://www.google.com/maps/search/?api=1&query=43.6388,144.4382"
弟子屈町中心部 / 摩周駅周辺,町,43.4855,144.4595,FALSE,阿寒摩周エリアの補給・宿泊・交通拠点。,ルート周辺の町としてMVP候補。,"https://www.google.com/maps/search/?api=1&query=43.4855,144.4595"
斜里町中心部 / 知床斜里駅周辺,町,43.9114,144.662,FALSE,知床方面へのゲートウェイ。食事・宿泊・補給を集約したい。,MVP候補。,"https://www.google.com/maps/search/?api=1&query=43.9114,144.662"
標津町中心部,町,43.6604,145.1313,FALSE,海沿いの補給・宿泊・食事候補。羅臼前後の調整地点。,MVP候補。,"https://www.google.com/maps/search/?api=1&query=43.6604,145.1313"
標茶町中心部,町,43.3032,144.6009,FALSE,湿原から酪農地帯へ向かう補給・宿泊候補地。,ルート周辺の町としてMVP候補。,"https://www.google.com/maps/search/?api=1&query=43.3032,144.6009"
清里町中心部,町,43.8351,144.594,FALSE,畑作地帯と斜里岳の景観が広がる補給・宿泊候補地。,ルート周辺の町としてMVP候補。,"https://www.google.com/maps/search/?api=1&query=43.8351,144.594"
羅臼町中心部,町,44.0203,145.1896,FALSE,知床の海側ゴール拠点。食事・宿泊・観光価値が高い。,公式サイトで羅臼側起点に言及。,"https://www.google.com/maps/search/?api=1&query=44.0203,145.1896"
遠矢駅周辺 自販機候補,自販機,43.0347,144.4587,FALSE,湿原コース前の飲料補給候補。現地有無確認。,OSM/現地確認で確定。,"https://www.google.com/maps/search/?api=1&query=43.0347,144.4587"
釧路湿原駅周辺 自販機候補,自販機,43.1063,144.4859,FALSE,帰着前後の飲料補給候補。現地有無確認。,OSM/現地確認で確定。,"https://www.google.com/maps/search/?api=1&query=43.1063,144.4859"
Seicomart,コンビニ,43.079478,145.097877,FALSE,店舗種別: convenience,OSM/既存CSV由来。営業時間・営業状況は要確認。 / OSM ID: node/5965630050,"https://www.google.com/maps/search/?api=1&query=43.079478,145.097877"
Seicomart,コンビニ,43.561363,145.220491,FALSE,店舗種別: convenience,OSM/既存CSV由来。営業時間・営業状況は要確認。 / OSM ID: node/5971056528,"https://www.google.com/maps/search/?api=1&query=43.561363,145.220491"
seicomart,コンビニ,43.485186,144.448671,FALSE,店舗種別: convenience,OSM/既存CSV由来。営業時間・営業状況は要確認。 / OSM ID: node/2575198459,"https://www.google.com/maps/search/?api=1&query=43.485186,144.448671"
seven eleven,コンビニ,43.655982,145.132904,FALSE,店舗種別: convenience,OSM/既存CSV由来。営業時間・営業状況は要確認。 / OSM ID: node/4242211289,"https://www.google.com/maps/search/?api=1&query=43.655982,145.132904"
Альбатрос,コンビニ,44.028192,145.864794,FALSE,店舗種別: convenience,OSM/既存CSV由来。営業時間・営業状況は要確認。 / OSM ID: node/4234977690,"https://www.google.com/maps/search/?api=1&query=44.028192,145.864794"
Ангара,コンビニ,44.02958,145.860399,FALSE,店舗種別: convenience,OSM/既存CSV由来。営業時間・営業状況は要確認。 / OSM ID: node/4293997711,"https://www.google.com/maps/search/?api=1&query=44.02958,145.860399"
Ассорти,コンビニ,44.029464,145.86049,FALSE,店舗種別: convenience,OSM/既存CSV由来。営業時間・営業状況は要確認。 / OSM ID: node/4293997706,"https://www.google.com/maps/search/?api=1&query=44.029464,145.86049"
Визит,コンビニ,44.025426,145.864438,FALSE,店舗種別: convenience,OSM/既存CSV由来。営業時間・営業状況は要確認。 / OSM ID: node/4293997550,"https://www.google.com/maps/search/?api=1&query=44.025426,145.864438"
Вымпел,コンビニ,44.028399,145.864425,FALSE,店舗種別: convenience,OSM/既存CSV由来。営業時間・営業状況は要確認。 / OSM ID: node/4686136889,"https://www.google.com/maps/search/?api=1&query=44.028399,145.864425"
Коралл,コンビニ,44.028269,145.864692,FALSE,店舗種別: convenience / 営業時間: Mo-Fr 08:00-22:00,OSM/既存CSV由来。営業時間・営業状況は要確認。 / OSM ID: node/4234977789,"https://www.google.com/maps/search/?api=1&query=44.028269,145.864692"
Край Света,コンビニ,43.76774,145.498576,FALSE,店舗種別: convenience,OSM/既存CSV由来。営業時間・営業状況は要確認。 / OSM ID: node/4221615582,"https://www.google.com/maps/search/?api=1&query=43.76774,145.498576"
Магазин Фортуна,コンビニ,44.027965,145.864368,FALSE,店舗種別: convenience,OSM/既存CSV由来。営業時間・営業状況は要確認。 / OSM ID: node/4686094192,"https://www.google.com/maps/search/?api=1&query=44.027965,145.864368"
Магнит,コンビニ,43.736789,145.521603,FALSE,店舗種別: convenience / 営業時間: Mo-Su 10:00-14:00,OSM/既存CSV由来。営業時間・営業状況は要確認。 / OSM ID: node/4221615444,"https://www.google.com/maps/search/?api=1&query=43.736789,145.521603"
Маяк,コンビニ,44.025548,145.864572,FALSE,店舗種別: convenience,OSM/既存CSV由来。営業時間・営業状況は要確認。 / OSM ID: node/4293997551,"https://www.google.com/maps/search/?api=1&query=44.025548,145.864572"
Парус,コンビニ,44.029793,145.859785,FALSE,店舗種別: convenience,OSM/既存CSV由来。営業時間・営業状況は要確認。 / OSM ID: node/4293997549,"https://www.google.com/maps/search/?api=1&query=44.029793,145.859785"
Приморье,コンビニ,44.027652,145.864648,FALSE,店舗種別: convenience / 営業時間: Mo-Su 08:00-22:00,OSM/既存CSV由来。営業時間・営業状況は要確認。 / OSM ID: node/4223365095,"https://www.google.com/maps/search/?api=1&query=44.027652,145.864648"
Рассвет,コンビニ,44.025748,145.86476,FALSE,店舗種別: convenience,OSM/既存CSV由来。営業時間・営業状況は要確認。 / OSM ID: node/4293997552,"https://www.google.com/maps/search/?api=1&query=44.025748,145.86476"
Рынок,コンビニ,44.0285,145.864645,FALSE,店舗種別: convenience,OSM/既存CSV由来。営業時間・営業状況は要確認。 / OSM ID: node/4686094298,"https://www.google.com/maps/search/?api=1&query=44.0285,145.864645"
Столичный,コンビニ,44.025509,145.86246,FALSE,店舗種別: convenience / 営業時間: 24/7,OSM/既存CSV由来。営業時間・営業状況は要確認。 / OSM ID: node/12139635439,"https://www.google.com/maps/search/?api=1&query=44.025509,145.86246"
Столичный,コンビニ,44.025531,145.86239,FALSE,店舗種別: convenience / 営業時間: 24/7,OSM/既存CSV由来。営業時間・営業状況は要確認。 / OSM ID: node/12162409152,"https://www.google.com/maps/search/?api=1&query=44.025531,145.86239"
Успех,コンビニ,44.025245,145.864315,FALSE,店舗種別: convenience,OSM/既存CSV由来。営業時間・営業状況は要確認。 / OSM ID: node/4223379089,"https://www.google.com/maps/search/?api=1&query=44.025245,145.864315"
セイコーマート,コンビニ,42.954705,144.078313,FALSE,店舗種別: convenience / ブランド: セイコーマート / 営業時間: 00:00-24:00 / 電話: 01547-2-3330,OSM/既存CSV由来。営業時間・営業状況は要確認。 / OSM ID: node/10177440217,"https://www.google.com/maps/search/?api=1&query=42.954705,144.078313"
セイコーマート,コンビニ,42.963369,144.072201,FALSE,店舗種別: convenience / ブランド: Seicomart,OSM/既存CSV由来。営業時間・営業状況は要確認。 / OSM ID: node/10159287273,"https://www.google.com/maps/search/?api=1&query=42.963369,144.072201"
セイコーマート,コンビニ,42.978908,144.38374,FALSE,店舗種別: convenience / ブランド: セイコーマート,OSM/既存CSV由来。営業時間・営業状況は要確認。 / OSM ID: node/5678752523,"https://www.google.com/maps/search/?api=1&query=42.978908,144.38374"
セイコーマート,コンビニ,42.979963,144.13576,FALSE,店舗種別: convenience / ブランド: seicomart,OSM/既存CSV由来。営業時間・営業状況は要確認。 / OSM ID: node/10177446585,"https://www.google.com/maps/search/?api=1&query=42.979963,144.13576"
セイコーマート,コンビニ,42.989622,144.37978,FALSE,店舗種別: convenience / ブランド: Seicomart,OSM/既存CSV由来。営業時間・営業状況は要確認。 / OSM ID: node/12738207601,"https://www.google.com/maps/search/?api=1&query=42.989622,144.37978"
セイコーマート,コンビニ,43.004498,144.40563,FALSE,店舗種別: convenience / ブランド: セイコーマート,OSM/既存CSV由来。営業時間・営業状況は要確認。 / OSM ID: node/5665735155,"https://www.google.com/maps/search/?api=1&query=43.004498,144.40563"
セイコーマート,コンビニ,43.00929,144.418702,FALSE,店舗種別: convenience / ブランド: セイコーマート / 営業時間: Mo-Su 05:00-23:00,OSM/既存CSV由来。営業時間・営業状況は要確認。 / OSM ID: node/5665735160,"https://www.google.com/maps/search/?api=1&query=43.00929,144.418702"
セイコーマート,コンビニ,43.014882,144.390179,FALSE,店舗種別: convenience / ブランド: セイコーマート,OSM/既存CSV由来。営業時間・営業状況は要確認。 / OSM ID: node/5665658421,"https://www.google.com/maps/search/?api=1&query=43.014882,144.390179"
セイコーマート,コンビニ,43.060673,144.824567,FALSE,店舗種別: convenience / ブランド: セイコーマート,OSM/既存CSV由来。営業時間・営業状況は要確認。 / OSM ID: node/2879287801,"https://www.google.com/maps/search/?api=1&query=43.060673,144.824567"
セイコーマート,コンビニ,43.23653,143.546708,FALSE,店舗種別: convenience / ブランド: セイコーマート,OSM/既存CSV由来。営業時間・営業状況は要確認。 / OSM ID: node/4827191522,"https://www.google.com/maps/search/?api=1&query=43.23653,143.546708"
セイコーマート,コンビニ,43.390247,145.111945,FALSE,店舗種別: convenience / ブランド: セイコーマート,OSM/既存CSV由来。営業時間・営業状況は要確認。 / OSM ID: node/6586070985,"https://www.google.com/maps/search/?api=1&query=43.390247,145.111945"
セイコーマート,コンビニ,43.43151,144.098498,FALSE,店舗種別: convenience / ブランド: Seicomart / 営業時間: 06:00-21:00 / 電話: +81 154 67 4036,OSM/既存CSV由来。営業時間・営業状況は要確認。 / OSM ID: node/5542901480 / OSM check_date: 2024-07-15,"https://www.google.com/maps/search/?api=1&query=43.43151,144.098498"
セイコーマート,コンビニ,43.433788,144.092479,FALSE,店舗種別: convenience / ブランド: セイコーマート,OSM/既存CSV由来。営業時間・営業状況は要確認。 / OSM ID: node/4326458771,"https://www.google.com/maps/search/?api=1&query=43.433788,144.092479"
セイコーマート,コンビニ,43.796848,143.75635,FALSE,店舗種別: convenience / ブランド: Seicomart / 運営: セコマ / 営業時間: 06:00-23:00 / 電話: +81 157 33 3510,OSM/既存CSV由来。営業時間・営業状況は要確認。 / OSM ID: node/11878701944,"https://www.google.com/maps/search/?api=1&query=43.796848,143.75635"
セイコーマート,コンビニ,43.804067,143.895049,FALSE,店舗種別: convenience / ブランド: Seicomart / 営業時間: 07:00-23:00 / 電話: +81 157 22 0303 / Web: https://www.seicomart.co.jp/,OSM/既存CSV由来。営業時間・営業状況は要確認。 / OSM ID: node/4234770689,"https://www.google.com/maps/search/?api=1&query=43.804067,143.895049"
セイコーマート,コンビニ,43.820296,144.113992,FALSE,店舗種別: convenience / ブランド: Seicomart,OSM/既存CSV由来。営業時間・営業状況は要確認。 / OSM ID: node/11963924799,"https://www.google.com/maps/search/?api=1&query=43.820296,144.113992"
セイコーマート,コンビニ,43.913044,144.169063,FALSE,店舗種別: convenience / ブランド: Seicomart,OSM/既存CSV由来。営業時間・営業状況は要確認。 / OSM ID: node/5529468822,"https://www.google.com/maps/search/?api=1&query=43.913044,144.169063"
セイコーマート,コンビニ,44.005126,144.267729,FALSE,店舗種別: convenience / ブランド: セイコーマート,OSM/既存CSV由来。営業時間・営業状況は要確認。 / OSM ID: node/2587044327,"https://www.google.com/maps/search/?api=1&query=44.005126,144.267729"
セイコーマート,コンビニ,44.00563,144.279039,FALSE,店舗種別: convenience / ブランド: セイコーマート,OSM/既存CSV由来。営業時間・営業状況は要確認。 / OSM ID: node/2587044293,"https://www.google.com/maps/search/?api=1&query=44.00563,144.279039"
セイコーマート,コンビニ,44.021316,144.260563,FALSE,店舗種別: convenience / ブランド: Seicomart / 営業時間: 24/7 / 電話: +81-152-45-1668 / Web: https://www.seicomart.co.jp/,OSM/既存CSV由来。営業時間・営業状況は要確認。 / OSM ID: node/11938572469,"https://www.google.com/maps/search/?api=1&query=44.021316,144.260563"
セイコーマート,コンビニ,44.025298,144.258794,FALSE,店舗種別: convenience / ブランド: Seicomart,OSM/既存CSV由来。営業時間・営業状況は要確認。 / OSM ID: node/11936463286,"https://www.google.com/maps/search/?api=1&query=44.025298,144.258794"
セイコーマート,コンビニ,44.048498,143.53158,FALSE,店舗種別: convenience,OSM/既存CSV由来。営業時間・営業状況は要確認。 / OSM ID: node/4779288143,"https://www.google.com/maps/search/?api=1&query=44.048498,143.53158"
セイコーマート,コンビニ,44.054658,143.51561,FALSE,店舗種別: convenience / ブランド: セイコーマート,OSM/既存CSV由来。営業時間・営業状況は要確認。 / OSM ID: node/5468457824,"https://www.google.com/maps/search/?api=1&query=44.054658,143.51561"
セイコーマート 遠軽店,コンビニ,44.071152,143.530817,FALSE,店舗種別: convenience,OSM/既存CSV由来。営業時間・営業状況は要確認。 / OSM ID: node/4779308328,"https://www.google.com/maps/search/?api=1&query=44.071152,143.530817"
セイコーマート文苑店,コンビニ,43.017205,144.383171,FALSE,店舗種別: convenience,OSM/既存CSV由来。営業時間・営業状況は要確認。 / OSM ID: node/5665658424,"https://www.google.com/maps/search/?api=1&query=43.017205,144.383171"
セイコーマート置戸役場前,コンビニ,43.675722,143.586462,FALSE,店舗種別: convenience,OSM/既存CSV由来。営業時間・営業状況は要確認。 / OSM ID: node/4778918621,"https://www.google.com/maps/search/?api=1&query=43.675722,143.586462"
セブン-イレブン,コンビニ,42.989798,144.370101,FALSE,店舗種別: convenience / ブランド: セブン-イレブン,OSM/既存CSV由来。営業時間・営業状況は要確認。 / OSM ID: node/5707737928,"https://www.google.com/maps/search/?api=1&query=42.989798,144.370101"
セブン-イレブン,コンビニ,43.001177,144.37247,FALSE,店舗種別: convenience / ブランド: セブン-イレブン / 営業時間: 24/7,OSM/既存CSV由来。営業時間・営業状況は要確認。 / OSM ID: node/6867657785,"https://www.google.com/maps/search/?api=1&query=43.001177,144.37247"
セブン-イレブン,コンビニ,43.002984,144.404843,FALSE,店舗種別: convenience / ブランド: セブン-イレブン,OSM/既存CSV由来。営業時間・営業状況は要確認。 / OSM ID: node/5665735154,"https://www.google.com/maps/search/?api=1&query=43.002984,144.404843"
セブン-イレブン,コンビニ,43.006931,144.415289,FALSE,店舗種別: convenience / ブランド: セブン-イレブン / 営業時間: Mo-Su 06:00-23:00,OSM/既存CSV由来。営業時間・営業状況は要確認。 / OSM ID: node/5665735159,"https://www.google.com/maps/search/?api=1&query=43.006931,144.415289"
セブン-イレブン,コンビニ,43.010263,144.400158,FALSE,店舗種別: convenience / ブランド: セブン-イレブン,OSM/既存CSV由来。営業時間・営業状況は要確認。 / OSM ID: node/5112419921,"https://www.google.com/maps/search/?api=1&query=43.010263,144.400158"
セブン-イレブン,コンビニ,43.01363,144.413205,FALSE,店舗種別: convenience / ブランド: セブン-イレブン,OSM/既存CSV由来。営業時間・営業状況は要確認。 / OSM ID: node/5665735157,"https://www.google.com/maps/search/?api=1&query=43.01363,144.413205"
セブン-イレブン,コンビニ,43.062157,144.823373,FALSE,店舗種別: convenience / ブランド: セブン-イレブン / Web: https://www.sej.co.jp,OSM/既存CSV由来。営業時間・営業状況は要確認。 / OSM ID: node/3474680893,"https://www.google.com/maps/search/?api=1&query=43.062157,144.823373"
セブン-イレブン,コンビニ,43.433521,144.101586,FALSE,店舗種別: convenience / ブランド: セブン-イレブン,OSM/既存CSV由来。営業時間・営業状況は要確認。 / OSM ID: node/4299853104,"https://www.google.com/maps/search/?api=1&query=43.433521,144.101586"
セブン-イレブン,コンビニ,43.486647,144.454854,FALSE,店舗種別: convenience / ブランド: セブン-イレブン,OSM/既存CSV由来。営業時間・営業状況は要確認。 / OSM ID: node/5110940921,"https://www.google.com/maps/search/?api=1&query=43.486647,144.454854"
セブン-イレブン,コンビニ,43.806218,143.893009,FALSE,店舗種別: convenience / ブランド: 7-ELEVEN / 営業時間: 24/7,OSM/既存CSV由来。営業時間・営業状況は要確認。 / OSM ID: node/4328493769,"https://www.google.com/maps/search/?api=1&query=43.806218,143.893009"
セブン-イレブン,コンビニ,43.819397,144.116451,FALSE,店舗種別: convenience / ブランド: 7-ELEVEN / 営業時間: 24/7 / 電話: +81 152 72 0996 / Web: https://www.sej.co.jp/,OSM/既存CSV由来。営業時間・営業状況は要確認。 / OSM ID: node/11963924805,"https://www.google.com/maps/search/?api=1&query=43.819397,144.116451"
セブン-イレブン,コンビニ,43.881446,144.158845,FALSE,店舗種別: convenience / ブランド: 7-ELEVEN / Web: https://www.sej.co.jp/,OSM/既存CSV由来。営業時間・営業状況は要確認。 / OSM ID: node/6983858107,"https://www.google.com/maps/search/?api=1&query=43.881446,144.158845"
セブン-イレブン,コンビニ,43.996185,144.272208,FALSE,店舗種別: convenience / ブランド: セブン-イレブン,OSM/既存CSV由来。営業時間・営業状況は要確認。 / OSM ID: node/4127653132,"https://www.google.com/maps/search/?api=1&query=43.996185,144.272208"
セブン-イレブン,コンビニ,44.009488,144.275081,FALSE,店舗種別: convenience / ブランド: セブン-イレブン,OSM/既存CSV由来。営業時間・営業状況は要確認。 / OSM ID: node/2587044333,"https://www.google.com/maps/search/?api=1&query=44.009488,144.275081"
セブン-イレブン,コンビニ,44.022551,144.269943,FALSE,店舗種別: convenience / ブランド: 7-ELEVEN / 営業時間: 24/7 / Web: https://www.sej.co.jp/,OSM/既存CSV由来。営業時間・営業状況は要確認。 / OSM ID: node/11944655345,"https://www.google.com/maps/search/?api=1&query=44.022551,144.269943"
セブン-イレブン,コンビニ,44.024013,144.257081,FALSE,店舗種別: convenience / ブランド: 7-ELEVEN,OSM/既存CSV由来。営業時間・営業状況は要確認。 / OSM ID: node/11939102006,"https://www.google.com/maps/search/?api=1&query=44.024013,144.257081"
セブンイレブン,コンビニ,43.025914,144.365195,FALSE,店舗種別: convenience / ブランド: セブンイレブン,OSM/既存CSV由来。営業時間・営業状況は要確認。 / OSM ID: node/2553300293,"https://www.google.com/maps/search/?api=1&query=43.025914,144.365195"
セブンイレブン上湧別店,コンビニ,44.182096,143.590508,FALSE,店舗種別: convenience,OSM/既存CSV由来。営業時間・営業状況は要確認。 / OSM ID: node/4778707921,"https://www.google.com/maps/search/?api=1&query=44.182096,143.590508"
セブンイレブン釧路文苑1丁目店,コンビニ,43.02081,144.386582,FALSE,店舗種別: convenience,OSM/既存CSV由来。営業時間・営業状況は要確認。 / OSM ID: node/5665658422,"https://www.google.com/maps/search/?api=1&query=43.02081,144.386582"
ゼブンイレブン,コンビニ,44.062899,143.525744,FALSE,店舗種別: convenience,OSM/既存CSV由来。営業時間・営業状況は要確認。 / OSM ID: node/5468458023,"https://www.google.com/maps/search/?api=1&query=44.062899,143.525744"
タイエー,コンビニ,43.32006,145.562133,FALSE,店舗種別: convenience,OSM/既存CSV由来。営業時間・営業状況は要確認。 / OSM ID: node/5676981612,"https://www.google.com/maps/search/?api=1&query=43.32006,145.562133"
デイリーヤマザキ,コンビニ,43.433901,144.099256,FALSE,店舗種別: convenience / ブランド: デイリーヤマザキ / 運営: デイリーヤマザキ,OSM/既存CSV由来。営業時間・営業状況は要確認。 / OSM ID: node/5570321617,"https://www.google.com/maps/search/?api=1&query=43.433901,144.099256"
ローソン,コンビニ,42.997511,144.411147,FALSE,店舗種別: convenience / ブランド: LAWSON,OSM/既存CSV由来。営業時間・営業状況は要確認。 / OSM ID: node/13274103654,"https://www.google.com/maps/search/?api=1&query=42.997511,144.411147"
ローソン,コンビニ,43.001164,144.403038,FALSE,店舗種別: convenience / ブランド: ローソン,OSM/既存CSV由来。営業時間・営業状況は要確認。 / OSM ID: node/5665735153,"https://www.google.com/maps/search/?api=1&query=43.001164,144.403038"
ローソン,コンビニ,43.013299,144.378668,FALSE,店舗種別: convenience / ブランド: ローソン,OSM/既存CSV由来。営業時間・営業状況は要確認。 / OSM ID: node/5665693784,"https://www.google.com/maps/search/?api=1&query=43.013299,144.378668"
ローソン,コンビニ,43.231604,143.545516,FALSE,店舗種別: convenience / ブランド: ローソン,OSM/既存CSV由来。営業時間・営業状況は要確認。 / OSM ID: node/4920229224,"https://www.google.com/maps/search/?api=1&query=43.231604,143.545516"
ローソン,コンビニ,43.432759,144.097803,FALSE,店舗種別: convenience / ブランド: ローソン,OSM/既存CSV由来。営業時間・営業状況は要確認。 / OSM ID: node/4326458772,"https://www.google.com/maps/search/?api=1&query=43.432759,144.097803"
ローソン,コンビニ,43.433904,144.091597,FALSE,店舗種別: convenience / ブランド: ローソン,OSM/既存CSV由来。営業時間・営業状況は要確認。 / OSM ID: node/4326458773,"https://www.google.com/maps/search/?api=1&query=43.433904,144.091597"
ローソン,コンビニ,43.806173,143.895549,FALSE,店舗種別: convenience / ブランド: ローソン / 営業時間: 24/7,OSM/既存CSV由来。営業時間・営業状況は要確認。 / OSM ID: node/5209408489,"https://www.google.com/maps/search/?api=1&query=43.806173,143.895549"
ローソン,コンビニ,44.002152,144.281757,FALSE,店舗種別: convenience / ブランド: ローソン,OSM/既存CSV由来。営業時間・営業状況は要確認。 / OSM ID: node/4003653806,"https://www.google.com/maps/search/?api=1&query=44.002152,144.281757"
ローソン,コンビニ,44.026345,144.261967,FALSE,店舗種別: convenience / ブランド: ローソン,OSM/既存CSV由来。営業時間・営業状況は要確認。 / OSM ID: node/2587007487,"https://www.google.com/maps/search/?api=1&query=44.026345,144.261967"
ローソン 釧路鳥取大通店,コンビニ,43.013053,144.354259,FALSE,店舗種別: convenience / 運営: 株式会社ローソン / 営業時間: 24/7 / 電話: 81 154-53-1563,OSM/既存CSV由来。営業時間・営業状況は要確認。 / OSM ID: node/6728854024,"https://www.google.com/maps/search/?api=1&query=43.013053,144.354259"
ローソン遠軽南町店,コンビニ,44.041781,143.519623,FALSE,店舗種別: convenience,OSM/既存CSV由来。営業時間・営業状況は要確認。 / OSM ID: node/4779308325,"https://www.google.com/maps/search/?api=1&query=44.041781,143.519623"
ローソン遠軽大通店,コンビニ,44.06423,143.525858,FALSE,店舗種別: convenience,OSM/既存CSV由来。営業時間・営業状況は要確認。 / OSM ID: node/4779307825,"https://www.google.com/maps/search/?api=1&query=44.06423,143.525858"
ローソン釧路文苑店,コンビニ,43.017944,144.381624,FALSE,店舗種別: convenience,OSM/既存CSV由来。営業時間・営業状況は要確認。 / OSM ID: node/5665658423,"https://www.google.com/maps/search/?api=1&query=43.017944,144.381624"
情報無し,コンビニ,43.007251,144.345063,FALSE,店舗種別: convenience,OSM/既存CSV由来。営業時間・営業状況は要確認。 / OSM ID: node/705722305,"https://www.google.com/maps/search/?api=1&query=43.007251,144.345063"
情報無し,コンビニ,43.365026,145.79276,FALSE,店舗種別: convenience,OSM/既存CSV由来。営業時間・営業状況は要確認。 / OSM ID: node/5968155139,"https://www.google.com/maps/search/?api=1&query=43.365026,145.79276"
情報無し,コンビニ,43.651895,145.135388,FALSE,店舗種別: convenience,OSM/既存CSV由来。営業時間・営業状況は要確認。 / OSM ID: node/4891213880,"https://www.google.com/maps/search/?api=1&query=43.651895,145.135388"
情報無し,コンビニ,43.735817,145.522025,FALSE,店舗種別: convenience,OSM/既存CSV由来。営業時間・営業状況は要確認。 / OSM ID: node/4221620204,"https://www.google.com/maps/search/?api=1&query=43.735817,145.522025"
情報無し,コンビニ,43.736302,145.521261,FALSE,店舗種別: convenience,OSM/既存CSV由来。営業時間・営業状況は要確認。 / OSM ID: node/4221615583,"https://www.google.com/maps/search/?api=1&query=43.736302,145.521261"
摩周駅周辺 コンビニ候補エリア,コンビニ,43.4855,144.4573,FALSE,町中補給。次区間前の水・行動食確保ポイント。,具体店舗はOSM/Googleから追加取得。,"https://www.google.com/maps/search/?api=1&query=43.4855,144.4573"
知床斜里駅周辺 コンビニ候補エリア,コンビニ,43.911,144.6622,FALSE,知床方面前の補給候補。ここで水と行動食を確認。,具体店舗はOSM/Googleから追加取得。,"https://www.google.com/maps/search/?api=1&query=43.911,144.6622"
釧路市街地 コンビニ候補エリア,コンビニ,42.9845,144.3818,FALSE,出発前の最終補給エリア。水・食料・雨具確認。,具体店舗はOSM/Googleから追加取得。,"https://www.google.com/maps/search/?api=1&query=42.9845,144.3818"
鶴居村振興公社 酪楽館,コンビニ,43.227787,144.330334,FALSE,店舗種別: convenience / 営業時間: Mo-Su 10:00-17:00,OSM/既存CSV由来。営業時間・営業状況は要確認。 / OSM ID: node/7010927585,"https://www.google.com/maps/search/?api=1&query=43.227787,144.330334"
456,食事,44.063105,143.52501,FALSE,種別: bar,OSM/既存CSV由来。営業時間・営業日・ラストオーダーは要確認。 / OSM ID: node/5468458421,"https://www.google.com/maps/search/?api=1&query=44.063105,143.52501"
APU,食事,44.070133,144.994534,FALSE,種別: cafe,OSM/既存CSV由来。営業時間・営業日・ラストオーダーは要確認。 / OSM ID: node/13040590401,"https://www.google.com/maps/search/?api=1&query=44.070133,144.994534"
Albireo,食事,44.070141,144.994234,FALSE,種別: cafe / Web: https://www.coffee-albireo.com,OSM/既存CSV由来。営業時間・営業日・ラストオーダーは要確認。 / OSM ID: node/13040590501 / OSM check_date: 2025-08-01,"https://www.google.com/maps/search/?api=1&query=44.070141,144.994234"
Arujis,食事,44.021888,144.264654,FALSE,種別: restaurant / 料理ジャンル: italian / 電話: 0152-67-7147 / Web: https://m.facebook.com/arujis.abashiri/,OSM/既存CSV由来。営業時間・営業日・ラストオーダーは要確認。 / OSM ID: node/6698979185,"https://www.google.com/maps/search/?api=1&query=44.021888,144.264654"
Bon's Home,食事,44.070311,144.994497,FALSE,種別: restaurant,OSM/既存CSV由来。営業時間・営業日・ラストオーダーは要確認。 / OSM ID: node/13040614401,"https://www.google.com/maps/search/?api=1&query=44.070311,144.994497"
CAFE The Lucky Boots,食事,43.001191,144.380079,FALSE,種別: cafe / 営業時間: Mo-Su 11:00-22:00 / 電話: 819020772230 / Web: https://cafetheluckyboots.com/,OSM/既存CSV由来。営業時間・営業日・ラストオーダーは要確認。 / OSM ID: node/13427420301,"https://www.google.com/maps/search/?api=1&query=43.001191,144.380079"
Cafe Bal Covo (コーヴォ),食事,43.530941,144.413313,FALSE,種別: cafe / 料理ジャンル: italian / 営業時間: Mo-Su 11:00-14:30 / Web: +81 15-482-8557,OSM/既存CSV由来。営業時間・営業日・ラストオーダーは要確認。 / OSM ID: node/4470507688,"https://www.google.com/maps/search/?api=1&query=43.530941,144.413313"
Cafe&amp;cake,食事,43.969094,144.226431,FALSE,種別: cafe,OSM/既存CSV由来。営業時間・営業日・ラストオーダーは要確認。 / OSM ID: node/5821929953,"https://www.google.com/maps/search/?api=1&query=43.969094,144.226431"
DOCO,食事,43.012494,144.394496,FALSE,定休日 不定休 予算1000円 公立大からの距離300(徒歩5分) 食べログ評価 0件 席数/駐車場 カウンター席4席、小上がり席8席/5台 / 種別: cafe / 料理ジャンル: たこ焼き / 営業時間: 11:30-17:00 / Web: +81-154-68-5128,OSM/既存CSV由来。営業時間・営業日・ラストオーダーは要確認。 / OSM ID: node/5665676450,"https://www.google.com/maps/search/?api=1&query=43.012494,144.394496"
Pan de Pan,食事,43.433268,144.098662,FALSE,種別: restaurant,OSM/既存CSV由来。営業時間・営業日・ラストオーダーは要確認。 / OSM ID: node/11936165684,"https://www.google.com/maps/search/?api=1&query=43.433268,144.098662"
Prezzemolo,食事,43.152153,144.501271,FALSE,種別: restaurant / 料理ジャンル: italian;italian_pizza,OSM/既存CSV由来。営業時間・営業日・ラストオーダーは要確認。 / OSM ID: node/6923851985,"https://www.google.com/maps/search/?api=1&query=43.152153,144.501271"
Ryogoku hot springs Inn & restaurant,食事,43.432857,144.099914,FALSE,種別: restaurant,OSM/既存CSV由来。営業時間・営業日・ラストオーダーは要確認。 / OSM ID: node/11936118773,"https://www.google.com/maps/search/?api=1&query=43.432857,144.099914"
Tonny's,食事,43.804521,143.892902,FALSE,種別: restaurant,OSM/既存CSV由来。営業時間・営業日・ラストオーダーは要確認。 / OSM ID: node/11949977964,"https://www.google.com/maps/search/?api=1&query=43.804521,143.892902"
coffee hiro,食事,44.02123,144.268814,FALSE,種別: cafe,OSM/既存CSV由来。営業時間・営業日・ラストオーダーは要確認。 / OSM ID: node/4849389031,"https://www.google.com/maps/search/?api=1&query=44.02123,144.268814"
hanakura,食事,42.983295,144.386642,FALSE,種別: restaurant,OSM/既存CSV由来。営業時間・営業日・ラストオーダーは要確認。 / OSM ID: node/5170207421,"https://www.google.com/maps/search/?api=1&query=42.983295,144.386642"
suite de baraques café,食事,43.616647,144.45722,FALSE,種別: cafe,OSM/既存CSV由来。営業時間・営業日・ラストオーダーは要確認。 / OSM ID: node/6698973186,"https://www.google.com/maps/search/?api=1&query=43.616647,144.45722"
Айны,食事,44.012918,145.771111,FALSE,種別: restaurant / 営業時間: Mo-Su 08:00-23:00 / 電話: +79241989644 / Web: https://kunashir-resort.ru/restourant,OSM/既存CSV由来。営業時間・営業日・ラストオーダーは要確認。 / OSM ID: node/13279346101,"https://www.google.com/maps/search/?api=1&query=44.012918,145.771111"
Амадеус,食事,44.026929,145.859336,FALSE,種別: restaurant / 営業時間: Mo-Fr 20:00-01:00; Sa 20:00-03:00; Su 20:00-00:00,OSM/既存CSV由来。営業時間・営業日・ラストオーダーは要確認。 / OSM ID: node/4686136891,"https://www.google.com/maps/search/?api=1&query=44.026929,145.859336"
Бриз,食事,44.024333,145.855216,FALSE,種別: cafe / 料理ジャンル: breakfast;coffee_shop;local;russian / 営業時間: Mo-Su 08:00-20:00,OSM/既存CSV由来。営業時間・営業日・ラストオーダーは要確認。 / OSM ID: node/7940084985,"https://www.google.com/maps/search/?api=1&query=44.024333,145.855216"
Дружба,食事,44.027797,145.859553,FALSE,種別: cafe / 営業時間: Mo-Su 08:00-10:00; 12:30-15:00; 17:00-19:30,OSM/既存CSV由来。営業時間・営業日・ラストオーダーは要確認。 / OSM ID: node/9429012429,"https://www.google.com/maps/search/?api=1&query=44.027797,145.859553"
Дружба,食事,44.027814,145.859506,FALSE,種別: bar / 営業時間: Tu-Su 20:00-02:00,OSM/既存CSV由来。営業時間・営業日・ラストオーダーは要確認。 / OSM ID: node/12162409147,"https://www.google.com/maps/search/?api=1&query=44.027814,145.859506"
Моё кафе,食事,44.028759,145.864326,FALSE,種別: cafe,OSM/既存CSV由来。営業時間・営業日・ラストオーダーは要確認。 / OSM ID: node/7940030485,"https://www.google.com/maps/search/?api=1&query=44.028759,145.864326"
Океан,食事,44.028761,145.86431,FALSE,種別: restaurant,OSM/既存CSV由来。営業時間・営業日・ラストオーダーは要確認。 / OSM ID: node/4223379090,"https://www.google.com/maps/search/?api=1&query=44.028761,145.86431"
Пит Стоп Бургер,食事,44.026849,145.859353,FALSE,種別: fast_food / 料理ジャンル: burger;sandwich;japanese / 営業時間: Mo-Su 09:00-21:00,OSM/既存CSV由来。営業時間・営業日・ラストオーダーは要確認。 / OSM ID: node/4686094195,"https://www.google.com/maps/search/?api=1&query=44.026849,145.859353"
Росинка,食事,44.025316,145.865046,FALSE,種別: cafe,OSM/既存CSV由来。営業時間・営業日・ラストオーダーは要確認。 / OSM ID: node/4234977689,"https://www.google.com/maps/search/?api=1&query=44.025316,145.865046"
あしょろ庵,食事,43.232687,143.544719,FALSE,種別: restaurant,OSM/既存CSV由来。営業時間・営業日・ラストオーダーは要確認。 / OSM ID: node/2491244990,"https://www.google.com/maps/search/?api=1&query=43.232687,143.544719"
あら陣,食事,43.549339,144.977455,FALSE,種別: restaurant / 料理ジャンル: ramen / 電話: +81 153 78 9955 / Web: https://arajins.com/wp/,OSM/既存CSV由来。営業時間・営業日・ラストオーダーは要確認。 / OSM ID: node/11295472512,"https://www.google.com/maps/search/?api=1&query=43.549339,144.977455"
あんくる&チボリ,食事,43.333199,145.581156,FALSE,種別: restaurant,OSM/既存CSV由来。営業時間・営業日・ラストオーダーは要確認。 / OSM ID: node/11141028066,"https://www.google.com/maps/search/?api=1&query=43.333199,145.581156"
いろはにほへと,食事,43.803704,143.894536,FALSE,種別: pub,OSM/既存CSV由来。営業時間・営業日・ラストオーダーは要確認。 / OSM ID: node/8778957038,"https://www.google.com/maps/search/?api=1&query=43.803704,143.894536"
いろはにほへと,食事,44.057114,143.522024,FALSE,種別: bar,OSM/既存CSV由来。営業時間・営業日・ラストオーダーは要確認。 / OSM ID: node/5468458022,"https://www.google.com/maps/search/?api=1&query=44.057114,143.522024"
おしながき,食事,43.244052,143.548381,FALSE,種別: restaurant / 料理ジャンル: japanese;sushi / 電話: 0156252625,OSM/既存CSV由来。営業時間・営業日・ラストオーダーは要確認。 / OSM ID: node/13016629701,"https://www.google.com/maps/search/?api=1&query=43.244052,143.548381"
お好み焼/もんじゃ焼 なつかし屋,食事,44.001632,144.283866,FALSE,種別: restaurant / 料理ジャンル: japanese,OSM/既存CSV由来。営業時間・営業日・ラストオーダーは要確認。 / OSM ID: node/12514066964,"https://www.google.com/maps/search/?api=1&query=44.001632,144.283866"
お食事処勢㐂,食事,42.98339,144.387208,FALSE,種別: restaurant / 料理ジャンル: seafood / 営業時間: Mo-Sa 17:30-24:00 / 電話: +81-154-25-7555,OSM/既存CSV由来。営業時間・営業日・ラストオーダーは要確認。 / OSM ID: node/12944056988,"https://www.google.com/maps/search/?api=1&query=42.98339,144.387208"
かつ里き,食事,43.995175,144.289184,FALSE,種別: restaurant / 料理ジャンル: japanese,OSM/既存CSV由来。営業時間・営業日・ラストオーダーは要確認。 / OSM ID: node/4003709026,"https://www.google.com/maps/search/?api=1&query=43.995175,144.289184"
かに源,食事,44.01958,144.24814,FALSE,種別: restaurant / 料理ジャンル: sushi,OSM/既存CSV由来。営業時間・営業日・ラストオーダーは要確認。 / OSM ID: node/464397303,"https://www.google.com/maps/search/?api=1&query=44.01958,144.24814"
かねちゃん,食事,43.80447,143.893037,FALSE,種別: pub,OSM/既存CSV由来。営業時間・営業日・ラストオーダーは要確認。 / OSM ID: node/11949977966,"https://www.google.com/maps/search/?api=1&query=43.80447,143.893037"
かまど屋,食事,43.01193,144.393405,FALSE,種別: restaurant / 料理ジャンル: pork_cutlet / 営業時間: 11:30-14:30,OSM/既存CSV由来。営業時間・営業日・ラストオーダーは要確認。 / OSM ID: node/5665676451,"https://www.google.com/maps/search/?api=1&query=43.01193,144.393405"
かもめ食堂,食事,43.009347,144.272777,FALSE,種別: restaurant,OSM/既存CSV由来。営業時間・営業日・ラストオーダーは要確認。 / OSM ID: node/10184593562,"https://www.google.com/maps/search/?api=1&query=43.009347,144.272777"
きた鳥,食事,44.021178,144.266933,FALSE,種別: pub,OSM/既存CSV由来。営業時間・営業日・ラストオーダーは要確認。 / OSM ID: node/4003716920,"https://www.google.com/maps/search/?api=1&query=44.021178,144.266933"
きらく食堂,食事,43.388103,145.113223,FALSE,種別: restaurant / 営業時間: Mo-Su 11:00-20:00 / 電話: +81-153 75 3424,OSM/既存CSV由来。営業時間・営業日・ラストオーダーは要確認。 / OSM ID: node/6586074885,"https://www.google.com/maps/search/?api=1&query=43.388103,145.113223"
きんりゅうらーめん,食事,43.822112,143.909594,FALSE,種別: fast_food,OSM/既存CSV由来。営業時間・営業日・ラストオーダーは要確認。 / OSM ID: node/4798363927,"https://www.google.com/maps/search/?api=1&query=43.822112,143.909594"
ぎゅう太,食事,43.010489,144.401345,FALSE,種別: restaurant,OSM/既存CSV由来。営業時間・営業日・ラストオーダーは要確認。 / OSM ID: node/5665676461,"https://www.google.com/maps/search/?api=1&query=43.010489,144.401345"
くしろ にしんそば,食事,43.015426,144.34507,FALSE,種別: restaurant / 料理ジャンル: japanese / 営業時間: 11:00-14:00 17:30-20:00 Tu Close / 電話: +81 154-65-1647,OSM/既存CSV由来。営業時間・営業日・ラストオーダーは要確認。 / OSM ID: node/6768763338,"https://www.google.com/maps/search/?api=1&query=43.015426,144.34507"
さかまる,食事,43.023541,144.3549,FALSE,種別: restaurant,OSM/既存CSV由来。営業時間・営業日・ラストオーダーは要確認。 / OSM ID: node/5326417223,"https://www.google.com/maps/search/?api=1&query=43.023541,144.3549"
さくら湯,食事,43.000261,144.398288,FALSE,種別: public_bath / 営業時間: We-Mo 12:00-23:00,OSM/既存CSV由来。営業時間・営業日・ラストオーダーは要確認。 / OSM ID: node/13137866801,"https://www.google.com/maps/search/?api=1&query=43.000261,144.398288"
さわ,食事,44.021556,144.267921,FALSE,種別: pub,OSM/既存CSV由来。営業時間・営業日・ラストオーダーは要確認。 / OSM ID: node/4003716924,"https://www.google.com/maps/search/?api=1&query=44.021556,144.267921"
さんぱち ラーメン,食事,44.00195,144.282891,FALSE,種別: restaurant / 料理ジャンル: ramen,OSM/既存CSV由来。営業時間・営業日・ラストオーダーは要確認。 / OSM ID: node/4003709023,"https://www.google.com/maps/search/?api=1&query=44.00195,144.282891"
さんぱちラーメン遠軽店,食事,44.06342,143.525119,FALSE,種別: restaurant,OSM/既存CSV由来。営業時間・営業日・ラストオーダーは要確認。 / OSM ID: node/4779288138,"https://www.google.com/maps/search/?api=1&query=44.06342,143.525119"
しば乃家,食事,43.99349,144.290307,FALSE,種別: restaurant / 料理ジャンル: japanese,OSM/既存CSV由来。営業時間・営業日・ラストオーダーは要確認。 / OSM ID: node/4003752946,"https://www.google.com/maps/search/?api=1&query=43.99349,144.290307"
しゃぶしゃぶと自然派ビュッフェ 北菜亭 釧路愛国店,食事,43.008926,144.384469,FALSE,種別: restaurant / 料理ジャンル: japanese,OSM/既存CSV由来。営業時間・営業日・ラストオーダーは要確認。 / OSM ID: node/6691129785,"https://www.google.com/maps/search/?api=1&query=43.008926,144.384469"
すき家,食事,43.011992,144.357846,FALSE,種別: fast_food / 料理ジャンル: beef_bowl / ブランド: すき家,OSM/既存CSV由来。営業時間・営業日・ラストオーダーは要確認。 / OSM ID: node/4920229221,"https://www.google.com/maps/search/?api=1&query=43.011992,144.357846"
すき家,食事,44.020228,144.252514,FALSE,種別: fast_food / 料理ジャンル: beef_bowl / ブランド: すき家,OSM/既存CSV由来。営業時間・営業日・ラストオーダーは要確認。 / OSM ID: node/11936463070,"https://www.google.com/maps/search/?api=1&query=44.020228,144.252514"
すずや食堂,食事,43.787174,143.639693,FALSE,種別: restaurant / 料理ジャンル: japanese,OSM/既存CSV由来。営業時間・営業日・ラストオーダーは要確認。 / OSM ID: node/11982751611,"https://www.google.com/maps/search/?api=1&query=43.787174,143.639693"
そばのかね久,食事,43.835003,144.106053,FALSE,種別: restaurant / 料理ジャンル: japanese,OSM/既存CSV由来。営業時間・営業日・ラストオーダーは要確認。 / OSM ID: node/11991143032,"https://www.google.com/maps/search/?api=1&query=43.835003,144.106053"
そば処 日本橋,食事,43.008575,144.405106,FALSE,種別: restaurant / 料理ジャンル: japanese / 営業時間: Mo-Su / Web: +81 154 36 3144,OSM/既存CSV由来。営業時間・営業日・ラストオーダーは要確認。 / OSM ID: node/5665695487,"https://www.google.com/maps/search/?api=1&query=43.008575,144.405106"
そば処松風庵,食事,42.984739,144.383,FALSE,種別: restaurant / 料理ジャンル: soba,OSM/既存CSV由来。営業時間・営業日・ラストオーダーは要確認。 / OSM ID: node/12050356895,"https://www.google.com/maps/search/?api=1&query=42.984739,144.383"
そば処福住,食事,43.53656,144.978343,FALSE,種別: restaurant / 料理ジャンル: soba,OSM/既存CSV由来。営業時間・営業日・ラストオーダーは要確認。 / OSM ID: node/11299982538,"https://www.google.com/maps/search/?api=1&query=43.53656,144.978343"
たい夢,食事,43.799948,143.890881,FALSE,種別: fast_food / 電話: +81 157 31 5662,OSM/既存CSV由来。営業時間・営業日・ラストオーダーは要確認。 / OSM ID: node/8749629294,"https://www.google.com/maps/search/?api=1&query=43.799948,143.890881"
たこ焼ヴィッキー,食事,43.796712,143.840998,FALSE,種別: fast_food / 料理ジャンル: japanese,OSM/既存CSV由来。営業時間・営業日・ラストオーダーは要確認。 / OSM ID: node/4638894993,"https://www.google.com/maps/search/?api=1&query=43.796712,143.840998"
だるまや,食事,44.019592,144.267914,FALSE,種別: restaurant / 料理ジャンル: ramen,OSM/既存CSV由来。営業時間・営業日・ラストオーダーは要確認。 / OSM ID: node/4003709017,"https://www.google.com/maps/search/?api=1&query=44.019592,144.267914"
ちさん亭,食事,43.804452,143.8924,FALSE,種別: restaurant / 料理ジャンル: japanese / 電話: +81 157 25 1164,OSM/既存CSV由来。営業時間・営業日・ラストオーダーは要確認。 / OSM ID: node/11389858053,"https://www.google.com/maps/search/?api=1&query=43.804452,143.8924"
つべつ西洋軒,食事,43.708182,144.022658,FALSE,種別: restaurant,OSM/既存CSV由来。営業時間・営業日・ラストオーダーは要確認。 / OSM ID: node/4778918122,"https://www.google.com/maps/search/?api=1&query=43.708182,144.022658"
つぼ八,食事,43.798197,143.857519,FALSE,種別: pub / ブランド: つぼ八,OSM/既存CSV由来。営業時間・営業日・ラストオーダーは要確認。 / OSM ID: node/6326483302,"https://www.google.com/maps/search/?api=1&query=43.798197,143.857519"
つぼ八,食事,43.823424,144.103522,FALSE,種別: pub / ブランド: つぼ八,OSM/既存CSV由来。営業時間・営業日・ラストオーダーは要確認。 / OSM ID: node/11963924689,"https://www.google.com/maps/search/?api=1&query=43.823424,144.103522"
つぼ八,食事,44.020834,144.265002,FALSE,種別: pub / ブランド: つぼ八,OSM/既存CSV由来。営業時間・営業日・ラストオーダーは要確認。 / OSM ID: node/4003716922,"https://www.google.com/maps/search/?api=1&query=44.020834,144.265002"
つぼ八,食事,44.060285,143.52399,FALSE,種別: pub / ブランド: つぼ八,OSM/既存CSV由来。営業時間・営業日・ラストオーダーは要確認。 / OSM ID: node/12770295863,"https://www.google.com/maps/search/?api=1&query=44.060285,143.52399"
なか卯;ザ・ゴールド,食事,44.001707,144.282935,FALSE,種別: fast_food / 店舗種別: jewelry / 料理ジャンル: udon / ブランド: なか卯,OSM/既存CSV由来。営業時間・営業日・ラストオーダーは要確認。 / OSM ID: node/4003662356,"https://www.google.com/maps/search/?api=1&query=44.001707,144.282935"
なごやか亭,食事,43.011739,144.40291,FALSE,種別: restaurant / 料理ジャンル: sushi,OSM/既存CSV由来。営業時間・営業日・ラストオーダーは要確認。 / OSM ID: node/5665676463,"https://www.google.com/maps/search/?api=1&query=43.011739,144.40291"
なごやか亭,食事,43.022478,144.357232,FALSE,種別: restaurant,OSM/既存CSV由来。営業時間・営業日・ラストオーダーは要確認。 / OSM ID: node/5326400429,"https://www.google.com/maps/search/?api=1&query=43.022478,144.357232"
なごやか亭新川店 Nagoyakatei Shinkawa,食事,43.001237,144.37311,FALSE,種別: restaurant / 営業時間: Mo-Su 11:00-22:00,OSM/既存CSV由来。営業時間・営業日・ラストオーダーは要確認。 / OSM ID: node/6867654485,"https://www.google.com/maps/search/?api=1&query=43.001237,144.37311"
ねむろお魚食堂,食事,43.332444,145.582141,FALSE,種別: restaurant / 料理ジャンル: fish,OSM/既存CSV由来。営業時間・営業日・ラストオーダーは要確認。 / OSM ID: node/11141028069,"https://www.google.com/maps/search/?api=1&query=43.332444,145.582141"
はた蕎麦,食事,43.46878,143.743312,FALSE,種別: restaurant,OSM/既存CSV由来。営業時間・営業日・ラストオーダーは要確認。 / OSM ID: node/8927884217,"https://www.google.com/maps/search/?api=1&query=43.46878,143.743312"
びっくりドンキー,食事,43.010973,144.359806,FALSE,種別: restaurant / 料理ジャンル: burger / ブランド: びっくりドンキー,OSM/既存CSV由来。営業時間・営業日・ラストオーダーは要確認。 / OSM ID: node/4832522422,"https://www.google.com/maps/search/?api=1&query=43.010973,144.359806"
ふか井,食事,44.019985,144.263846,FALSE,種別: pub,OSM/既存CSV由来。営業時間・営業日・ラストオーダーは要確認。 / OSM ID: node/4003716930,"https://www.google.com/maps/search/?api=1&query=44.019985,144.263846"
ふく亭,食事,43.010718,144.3962,FALSE,"公立大からの距離 1km(徒歩12分,車4分) 平均予算4000円 食べログ 3.2 / 種別: restaurant / 料理ジャンル: japanese / 営業時間: Mo-Th 11:00-15:00",OSM/既存CSV由来。営業時間・営業日・ラストオーダーは要確認。 / OSM ID: node/5665676456,"https://www.google.com/maps/search/?api=1&query=43.010718,144.3962"
ぶたふく,食事,43.013243,144.26503,FALSE,種別: fast_food / 営業時間: We-Mo 11:00-14:30,OSM/既存CSV由来。営業時間・営業日・ラストオーダーは要確認。 / OSM ID: node/5326400433,"https://www.google.com/maps/search/?api=1&query=43.013243,144.26503"
ぷらっとカフェ駅茶屋,食事,43.728821,143.738185,FALSE,種別: cafe / Web: http://ekichaya.com/,OSM/既存CSV由来。営業時間・営業日・ラストオーダーは要確認。 / OSM ID: node/6320773501,"https://www.google.com/maps/search/?api=1&query=43.728821,143.738185"
ほっともっと,食事,43.01578,144.32581,FALSE,種別: fast_food / 料理ジャンル: japanese / ブランド: ほっともっと / 営業時間: Mo-Su 10:00-23:00 / 電話: +81 154 55 5564 / Web: https://www.hottomotto.com/sp/,OSM/既存CSV由来。営業時間・営業日・ラストオーダーは要確認。 / OSM ID: node/5674467822,"https://www.google.com/maps/search/?api=1&query=43.01578,144.32581"
ほっともっと,食事,43.821217,144.110079,FALSE,種別: fast_food / 料理ジャンル: japanese / ブランド: ほっともっと,OSM/既存CSV由来。営業時間・営業日・ラストオーダーは要確認。 / OSM ID: node/11963924759,"https://www.google.com/maps/search/?api=1&query=43.821217,144.110079"
ほっともっと,食事,43.999397,144.285506,FALSE,種別: fast_food / 料理ジャンル: japanese / ブランド: ほっともっと / 営業時間: 10:00-23:00,OSM/既存CSV由来。営業時間・営業日・ラストオーダーは要確認。 / OSM ID: node/4127653131,"https://www.google.com/maps/search/?api=1&query=43.999397,144.285506"
まるとも 水産,食事,42.985366,144.383914,FALSE,種別: restaurant / 料理ジャンル: fish,OSM/既存CSV由来。営業時間・営業日・ラストオーダーは要確認。 / OSM ID: node/6739233088 / OSM check_date: 2024-09-05,"https://www.google.com/maps/search/?api=1&query=42.985366,144.383914"
もちとラーメン もち処 甘善,食事,43.008052,144.363425,FALSE,種別: restaurant / 料理ジャンル: chinese;japanese / 営業時間: Mo-Sa 10:00-17:00 / 電話: +81 154-51-0551,OSM/既存CSV由来。営業時間・営業日・ラストオーダーは要確認。 / OSM ID: node/6758854694,"https://www.google.com/maps/search/?api=1&query=43.008052,144.363425"
もんじゃお好み焼きもん吉,食事,43.545638,144.975956,FALSE,種別: restaurant / 料理ジャンル: japanese,OSM/既存CSV由来。営業時間・営業日・ラストオーダーは要確認。 / OSM ID: node/11266737609,"https://www.google.com/maps/search/?api=1&query=43.545638,144.975956"
らーめん日和,食事,43.022958,144.355967,FALSE,種別: fast_food,OSM/既存CSV由来。営業時間・営業日・ラストオーダーは要確認。 / OSM ID: node/5326400427,"https://www.google.com/maps/search/?api=1&query=43.022958,144.355967"
アズハウス,食事,42.955477,144.074131,FALSE,種別: cafe / 営業時間: 10時~19時 / 電話: 01547-2-3833,OSM/既存CSV由来。営業時間・営業日・ラストオーダーは要確認。 / OSM ID: node/11206991870,"https://www.google.com/maps/search/?api=1&query=42.955477,144.074131"
アルカディア,食事,44.02029,144.253254,FALSE,種別: restaurant / 料理ジャンル: italian / 電話: +81 152442152,OSM/既存CSV由来。営業時間・営業日・ラストオーダーは要確認。 / OSM ID: node/13516300182 / OSM check_date: 2026-02-01,"https://www.google.com/maps/search/?api=1&query=44.02029,144.253254"
イタリア食堂 晴,食事,43.802677,143.877093,FALSE,種別: restaurant / 料理ジャンル: italian,OSM/既存CSV由来。営業時間・営業日・ラストオーダーは要確認。 / OSM ID: node/11773513155 / OSM check_date: 2024-03-30,"https://www.google.com/maps/search/?api=1&query=43.802677,143.877093"
ウトロ漁協婦人部食堂,食事,44.072918,144.993905,FALSE,種別: restaurant,OSM/既存CSV由来。営業時間・営業日・ラストオーダーは要確認。 / OSM ID: node/5893195390,"https://www.google.com/maps/search/?api=1&query=44.072918,144.993905"
エッフェル塔,食事,43.010019,144.272607,FALSE,種別: cafe,OSM/既存CSV由来。営業時間・営業日・ラストオーダーは要確認。 / OSM ID: node/4780645826,"https://www.google.com/maps/search/?api=1&query=43.010019,144.272607"
エピナール,食事,43.01327,144.387962,FALSE,種別: restaurant,OSM/既存CSV由来。営業時間・営業日・ラストオーダーは要確認。 / OSM ID: node/5665725327,"https://www.google.com/maps/search/?api=1&query=43.01327,144.387962"
エフ,食事,43.781443,143.595272,FALSE,種別: restaurant,OSM/既存CSV由来。営業時間・営業日・ラストオーダーは要確認。 / OSM ID: node/4936932752,"https://www.google.com/maps/search/?api=1&query=43.781443,143.595272"
カウベル,食事,43.014442,144.399761,FALSE,種別: restaurant,OSM/既存CSV由来。営業時間・営業日・ラストオーダーは要確認。 / OSM ID: node/5665676459,"https://www.google.com/maps/search/?api=1&query=43.014442,144.399761"
カフェ モナミ,食事,43.014882,144.325812,FALSE,種別: cafe,OSM/既存CSV由来。営業時間・営業日・ラストオーダーは要確認。 / OSM ID: node/5828067489,"https://www.google.com/maps/search/?api=1&query=43.014882,144.325812"
カフェコンチェルト,食事,43.803606,143.893654,FALSE,種別: cafe,OSM/既存CSV由来。営業時間・営業日・ラストオーダーは要確認。 / OSM ID: node/8778892913,"https://www.google.com/maps/search/?api=1&query=43.803606,143.893654"
カフェプランドール,食事,43.020685,144.358995,FALSE,種別: cafe,OSM/既存CSV由来。営業時間・営業日・ラストオーダーは要確認。 / OSM ID: node/11206991910,"https://www.google.com/maps/search/?api=1&query=43.020685,144.358995"
カフェ・オーク,食事,43.399672,145.120817,FALSE,種別: cafe / 料理ジャンル: seafood;tea;japanese;burger;coffee_shop / 営業時間: We-Su 10:00-16:30 / 電話: 0153 75 0995,OSM/既存CSV由来。営業時間・営業日・ラストオーダーは要確認。 / OSM ID: node/6586173886,"https://www.google.com/maps/search/?api=1&query=43.399672,145.120817"
カレーショップ インデアン 釧路あさひ町店,食事,42.98719,144.389967,FALSE,種別: restaurant / 料理ジャンル: indian,OSM/既存CSV由来。営業時間・営業日・ラストオーダーは要確認。 / OSM ID: node/11209609896,"https://www.google.com/maps/search/?api=1&query=42.98719,144.389967"
キッチンままべん,食事,43.854442,144.464081,FALSE,種別: restaurant / 料理ジャンル: japanese,OSM/既存CSV由来。営業時間・営業日・ラストオーダーは要確認。 / OSM ID: node/13031362401,"https://www.google.com/maps/search/?api=1&query=43.854442,144.464081"
ケンタッキーフライドチキン,食事,42.976031,144.413046,FALSE,種別: fast_food / 料理ジャンル: chicken / ブランド: ケンタッキーフライドチキン,OSM/既存CSV由来。営業時間・営業日・ラストオーダーは要確認。 / OSM ID: node/11206998761,"https://www.google.com/maps/search/?api=1&query=42.976031,144.413046"
ケンタッキーフライドチキン,食事,43.008906,144.404604,FALSE,種別: fast_food / 料理ジャンル: chicken / ブランド: ケンタッキーフライドチキン / 営業時間: 09:00-21:00 / 電話: +81-154391461,OSM/既存CSV由来。営業時間・営業日・ラストオーダーは要確認。 / OSM ID: node/5665695485,"https://www.google.com/maps/search/?api=1&query=43.008906,144.404604"
ケンタッキーフライドチキン,食事,43.535702,144.976873,FALSE,種別: fast_food / 料理ジャンル: chicken / ブランド: KFC,OSM/既存CSV由来。営業時間・営業日・ラストオーダーは要確認。 / OSM ID: node/11299982530,"https://www.google.com/maps/search/?api=1&query=43.535702,144.976873"
ケンタッキーフライドチキン,食事,43.808502,143.875837,FALSE,種別: fast_food / 料理ジャンル: chicken / ブランド: ケンタッキーフライドチキン,OSM/既存CSV由来。営業時間・営業日・ラストオーダーは要確認。 / OSM ID: node/11949143324,"https://www.google.com/maps/search/?api=1&query=43.808502,143.875837"
コメダ珈琲店,食事,43.00872,144.405257,FALSE,種別: cafe / 料理ジャンル: coffee_shop / ブランド: コメダ珈琲店,OSM/既存CSV由来。営業時間・営業日・ラストオーダーは要確認。 / OSM ID: node/11206991924,"https://www.google.com/maps/search/?api=1&query=43.00872,144.405257"
コンキリエ,食事,43.057642,144.844205,FALSE,種別: restaurant,OSM/既存CSV由来。営業時間・営業日・ラストオーダーは要確認。 / OSM ID: node/2877402301 / OSM check_date: 2024-09-07,"https://www.google.com/maps/search/?api=1&query=43.057642,144.844205"
コーヒーチップトマリ,食事,43.960581,144.837438,FALSE,種別: cafe,OSM/既存CSV由来。営業時間・営業日・ラストオーダーは要確認。 / OSM ID: node/5049867321,"https://www.google.com/maps/search/?api=1&query=43.960581,144.837438"
コーヒー専科 美和,食事,43.01502,144.350501,FALSE,種別: cafe / 料理ジャンル: coffee_shop / 電話: +81 154-53-0717,OSM/既存CSV由来。営業時間・営業日・ラストオーダーは要確認。 / OSM ID: node/6755302596,"https://www.google.com/maps/search/?api=1&query=43.01502,144.350501"
サムライ十兵衛,食事,43.805188,143.890392,FALSE,種別: bar / 料理ジャンル: chicken;fish;friture;local;noodles;sushi / 営業時間: Mo-Sa 18:00-22:00,OSM/既存CSV由来。営業時間・営業日・ラストオーダーは要確認。 / OSM ID: node/12862417102,"https://www.google.com/maps/search/?api=1&query=43.805188,143.890392"
サーティワンアイスクリーム,食事,43.535432,144.97661,FALSE,種別: fast_food / 料理ジャンル: ice_cream / ブランド: baskin BR robbins,OSM/既存CSV由来。営業時間・営業日・ラストオーダーは要確認。 / OSM ID: node/11299982525,"https://www.google.com/maps/search/?api=1&query=43.535432,144.97661"
シーニック・カフェ 帽子岩,食事,44.022359,144.277073,FALSE,種別: cafe,OSM/既存CSV由来。営業時間・営業日・ラストオーダーは要確認。 / OSM ID: node/10029957303,"https://www.google.com/maps/search/?api=1&query=44.022359,144.277073"
スターバックス,食事,43.010038,144.404769,FALSE,種別: cafe / 料理ジャンル: coffee_shop / ブランド: スターバックス,OSM/既存CSV由来。営業時間・営業日・ラストオーダーは要確認。 / OSM ID: node/11206998737,"https://www.google.com/maps/search/?api=1&query=43.010038,144.404769"
トリトン 遠軽店,食事,44.068241,143.529002,FALSE,種別: restaurant / 料理ジャンル: sushi,OSM/既存CSV由来。営業時間・営業日・ラストオーダーは要確認。 / OSM ID: node/4779307730,"https://www.google.com/maps/search/?api=1&query=44.068241,143.529002"
ドトールコーヒーショップ,食事,43.53556,144.97664,FALSE,種別: cafe / ブランド: DOUTOR,OSM/既存CSV由来。営業時間・営業日・ラストオーダーは要確認。 / OSM ID: node/11299982527,"https://www.google.com/maps/search/?api=1&query=43.53556,144.97664"
ドリーム,食事,43.012228,144.392863,FALSE,種別: restaurant,OSM/既存CSV由来。営業時間・営業日・ラストオーダーは要確認。 / OSM ID: node/5665676453,"https://www.google.com/maps/search/?api=1&query=43.012228,144.392863"
ナシタ,食事,44.020925,144.266814,FALSE,種別: cafe / 営業時間: Mo-Fr 09:00-17:00 / 電話: +81-90-1522-5546 / Web: https://nascita.jp,OSM/既存CSV由来。営業時間・営業日・ラストオーダーは要確認。 / OSM ID: node/12594368355,"https://www.google.com/maps/search/?api=1&query=44.020925,144.266814"
バルデラエミ,食事,43.01446,144.326861,FALSE,種別: restaurant / Web: https://m.facebook.com/BardelaEmi/,OSM/既存CSV由来。営業時間・営業日・ラストオーダーは要確認。 / OSM ID: node/5572052925,"https://www.google.com/maps/search/?api=1&query=43.01446,144.326861"
パティオ,食事,43.804199,143.894209,FALSE,種別: restaurant / 料理ジャンル: barbecue,OSM/既存CSV由来。営業時間・営業日・ラストオーダーは要確認。 / OSM ID: node/8778957048,"https://www.google.com/maps/search/?api=1&query=43.804199,143.894209"
パパスランド温泉,食事,43.790144,144.533888,FALSE,種別: public_bath,OSM/既存CSV由来。営業時間・営業日・ラストオーダーは要確認。 / OSM ID: node/6594058609,"https://www.google.com/maps/search/?api=1&query=43.790144,144.533888"
ビスターレ ビスターレ,食事,44.026626,144.2643,FALSE,種別: restaurant / 料理ジャンル: indian,OSM/既存CSV由来。営業時間・営業日・ラストオーダーは要確認。 / OSM ID: node/4003709016,"https://www.google.com/maps/search/?api=1&query=44.026626,144.2643"
ビスターレビスターレ,食事,43.536492,144.978437,FALSE,種別: restaurant / 料理ジャンル: curry,OSM/既存CSV由来。営業時間・営業日・ラストオーダーは要確認。 / OSM ID: node/11299982537,"https://www.google.com/maps/search/?api=1&query=43.536492,144.978437"
ビスターレビスターレ,食事,43.807363,143.848159,FALSE,種別: restaurant / 料理ジャンル: indian,OSM/既存CSV由来。営業時間・営業日・ラストオーダーは要確認。 / OSM ID: node/5206015595,"https://www.google.com/maps/search/?api=1&query=43.807363,143.848159"
ビスターレビスターレ 釧路店,食事,43.012228,144.357523,FALSE,種別: restaurant / 料理ジャンル: indian / 営業時間: Mo-Fr 11:00-15:00,OSM/既存CSV由来。営業時間・営業日・ラストオーダーは要確認。 / OSM ID: node/6758825984,"https://www.google.com/maps/search/?api=1&query=43.012228,144.357523"
ビストロ ジョワ (Joie),食事,43.015396,144.345148,FALSE,種別: restaurant / 営業時間: Tu-Su 11:30-14:30 / Web: +81 154-53-3055,OSM/既存CSV由来。営業時間・営業日・ラストオーダーは要確認。 / OSM ID: node/6768763339,"https://www.google.com/maps/search/?api=1&query=43.015396,144.345148"
ビッグサン,食事,43.99811,144.259619,FALSE,種別: restaurant,OSM/既存CSV由来。営業時間・営業日・ラストオーダーは要確認。 / OSM ID: node/4381596833,"https://www.google.com/maps/search/?api=1&query=43.99811,144.259619"
ピザテンフォー,食事,43.545706,144.976058,FALSE,種別: fast_food / 料理ジャンル: pizza,OSM/既存CSV由来。営業時間・営業日・ラストオーダーは要確認。 / OSM ID: node/11266737610,"https://www.google.com/maps/search/?api=1&query=43.545706,144.976058"
ピザハット,食事,42.976032,144.413148,FALSE,種別: fast_food / 料理ジャンル: pizza / ブランド: ピザハット,OSM/既存CSV由来。営業時間・営業日・ラストオーダーは要確認。 / OSM ID: node/11206998762,"https://www.google.com/maps/search/?api=1&query=42.976032,144.413148"
ピザハット,食事,43.53566,144.976804,FALSE,種別: fast_food / 料理ジャンル: pizza / ブランド: Pizza Hut,OSM/既存CSV由来。営業時間・営業日・ラストオーダーは要確認。 / OSM ID: node/11299982529,"https://www.google.com/maps/search/?api=1&query=43.53566,144.976804"
ピザハット,食事,43.997766,144.285319,FALSE,種別: fast_food / ブランド: Pizza Hut,OSM/既存CSV由来。営業時間・営業日・ラストオーダーは要確認。 / OSM ID: node/12514066995,"https://www.google.com/maps/search/?api=1&query=43.997766,144.285319"
ピッツェリア,食事,43.022474,144.35599,FALSE,種別: fast_food / 営業時間: Fr-We 11:00-15:00,OSM/既存CSV由来。営業時間・営業日・ラストオーダーは要確認。 / OSM ID: node/5326400428,"https://www.google.com/maps/search/?api=1&query=43.022474,144.35599"
ファイヤーバーグ,食事,43.997667,144.286089,FALSE,種別: restaurant / 料理ジャンル: burger,OSM/既存CSV由来。営業時間・営業日・ラストオーダーは要確認。 / OSM ID: node/12514066987,"https://www.google.com/maps/search/?api=1&query=43.997667,144.286089"
フェリーチェ,食事,43.012692,144.391834,FALSE,"公立大からの距離 900m(徒歩11分,車4分) 平均予算 1000円 食べログ評価 2.0 / 種別: restaurant / 料理ジャンル: coffee_shop / 電話: +81-154-65-6322",OSM/既存CSV由来。営業時間・営業日・ラストオーダーは要確認。 / OSM ID: node/5665676454,"https://www.google.com/maps/search/?api=1&query=43.012692,144.391834"
フォレステージカフェ,食事,43.79465,143.874342,FALSE,種別: cafe,OSM/既存CSV由来。営業時間・営業日・ラストオーダーは要確認。 / OSM ID: node/11196024522,"https://www.google.com/maps/search/?api=1&query=43.79465,143.874342"
ブルーエム,食事,43.997927,144.259835,FALSE,種別: cafe,OSM/既存CSV由来。営業時間・営業日・ラストオーダーは要確認。 / OSM ID: node/4381596834,"https://www.google.com/maps/search/?api=1&query=43.997927,144.259835"
マクドナルド,食事,43.008812,144.404458,FALSE,種別: fast_food / 料理ジャンル: burger / ブランド: マクドナルド / 営業時間: 09:00-21:00 / 電話: +81-154-38-5625,OSM/既存CSV由来。営業時間・営業日・ラストオーダーは要確認。 / OSM ID: node/5665695484,"https://www.google.com/maps/search/?api=1&query=43.008812,144.404458"
マクドナルド,食事,43.013286,144.357078,FALSE,種別: fast_food / 料理ジャンル: burger / ブランド: マクドナルド,OSM/既存CSV由来。営業時間・営業日・ラストオーダーは要確認。 / OSM ID: node/4780645834,"https://www.google.com/maps/search/?api=1&query=43.013286,144.357078"
マクドナルド,食事,43.535607,144.976871,FALSE,種別: fast_food / 料理ジャンル: burger / ブランド: マクドナルド,OSM/既存CSV由来。営業時間・営業日・ラストオーダーは要確認。 / OSM ID: node/11299982526,"https://www.google.com/maps/search/?api=1&query=43.535607,144.976871"
マクドナルド,食事,43.807964,143.875042,FALSE,種別: fast_food / 料理ジャンル: burger / ブランド: マクドナルド,OSM/既存CSV由来。営業時間・営業日・ラストオーダーは要確認。 / OSM ID: node/11949143318,"https://www.google.com/maps/search/?api=1&query=43.807964,143.875042"
ミスタードーナツ,食事,42.977268,144.413894,FALSE,種別: fast_food / 料理ジャンル: donut / ブランド: ミスタードーナツ,OSM/既存CSV由来。営業時間・営業日・ラストオーダーは要確認。 / OSM ID: node/11206998759,"https://www.google.com/maps/search/?api=1&query=42.977268,144.413894"
ミスタードーナツ,食事,43.012306,144.403255,FALSE,種別: fast_food / 料理ジャンル: donut / ブランド: ミスタードーナツ,OSM/既存CSV由来。営業時間・営業日・ラストオーダーは要確認。 / OSM ID: node/5665676462,"https://www.google.com/maps/search/?api=1&query=43.012306,144.403255"
ミスタードーナツ,食事,43.535613,144.976729,FALSE,種別: fast_food / 料理ジャンル: donut / ブランド: ミスタードーナツ,OSM/既存CSV由来。営業時間・営業日・ラストオーダーは要確認。 / OSM ID: node/11299982528,"https://www.google.com/maps/search/?api=1&query=43.535613,144.976729"
ミスタードーナツ,食事,43.822189,143.912638,FALSE,種別: fast_food / 料理ジャンル: donut / ブランド: ミスタードーナツ,OSM/既存CSV由来。営業時間・営業日・ラストオーダーは要確認。 / OSM ID: node/4365102478,"https://www.google.com/maps/search/?api=1&query=43.822189,143.912638"
ミスタードーナツ,食事,44.022235,144.267923,FALSE,種別: fast_food / 料理ジャンル: donut / ブランド: ミスタードーナツ,OSM/既存CSV由来。営業時間・営業日・ラストオーダーは要確認。 / OSM ID: node/4003709038,"https://www.google.com/maps/search/?api=1&query=44.022235,144.267923"
モスバーガー,食事,43.331308,145.596871,FALSE,種別: fast_food / 料理ジャンル: burger / ブランド: MOS BURGER / 営業時間: 09:00-20:00 / 電話: +81 153 22 2474,OSM/既存CSV由来。営業時間・営業日・ラストオーダーは要確認。 / OSM ID: node/12961196229,"https://www.google.com/maps/search/?api=1&query=43.331308,145.596871"
モスバーガー,食事,43.804791,143.892408,FALSE,種別: fast_food / 料理ジャンル: burger / ブランド: モスバーガー,OSM/既存CSV由来。営業時間・営業日・ラストオーダーは要確認。 / OSM ID: node/7380204050,"https://www.google.com/maps/search/?api=1&query=43.804791,143.892408"
モリヤ商店,食事,44.020159,144.253295,FALSE,種別: fast_food / 料理ジャンル: japanese,OSM/既存CSV由来。営業時間・営業日・ラストオーダーは要確認。 / OSM ID: node/12769429229 / OSM check_date: 2025-04-20,"https://www.google.com/maps/search/?api=1&query=44.020159,144.253295"
ラ-メン 楽桜,食事,43.014859,144.356378,FALSE,種別: restaurant / 料理ジャンル: chinese / 営業時間: Fr-Tu 11:30-15:00; We / Web: +81 154-53-1614,OSM/既存CSV由来。営業時間・営業日・ラストオーダーは要確認。 / OSM ID: node/6758915563,"https://www.google.com/maps/search/?api=1&query=43.014859,144.356378"
ラ・キンコ,食事,43.536614,144.978236,FALSE,種別: restaurant / 料理ジャンル: italian,OSM/既存CSV由来。営業時間・営業日・ラストオーダーは要確認。 / OSM ID: node/11299982536,"https://www.google.com/maps/search/?api=1&query=43.536614,144.978236"
ラーメンきっさえきばしゃ,食事,43.921428,144.520133,FALSE,種別: restaurant / 料理ジャンル: noodle,OSM/既存CSV由来。営業時間・営業日・ラストオーダーは要確認。 / OSM ID: node/5963246043,"https://www.google.com/maps/search/?api=1&query=43.921428,144.520133"
ラーメンさんぱち,食事,43.797657,143.857614,FALSE,種別: fast_food / 料理ジャンル: ramen,OSM/既存CSV由来。営業時間・営業日・ラストオーダーは要確認。 / OSM ID: node/4923214121,"https://www.google.com/maps/search/?api=1&query=43.797657,143.857614"
ラーメンたかはし,食事,42.983893,144.38853,FALSE,種別: restaurant / 料理ジャンル: ramen / 営業時間: Tu-Sa 18:00-25:00 / 電話: +81-154-22-4348,OSM/既存CSV由来。営業時間・営業日・ラストオーダーは要確認。 / OSM ID: node/12944081034,"https://www.google.com/maps/search/?api=1&query=42.983893,144.38853"
ラーメンの高橋,食事,43.013083,144.354109,FALSE,種別: restaurant / 料理ジャンル: chinese / 営業時間: 20:00-23:00,OSM/既存CSV由来。営業時間・営業日・ラストオーダーは要確認。 / OSM ID: node/6728921532,"https://www.google.com/maps/search/?api=1&query=43.013083,144.354109"
ラーメン寳龍,食事,43.820463,144.115746,FALSE,種別: restaurant / 料理ジャンル: ramen,OSM/既存CSV由来。営業時間・営業日・ラストオーダーは要確認。 / OSM ID: node/11963924819,"https://www.google.com/maps/search/?api=1&query=43.820463,144.115746"
ラーメン山岡家,食事,43.013392,144.403816,FALSE,種別: restaurant / 料理ジャンル: ramen / ブランド: ラーメン山岡家 / 営業時間: 24/7 / 電話: +81-154-64-1632 / Web: https://www.yamaokaya.com/shops/1143/,OSM/既存CSV由来。営業時間・営業日・ラストオーダーは要確認。 / OSM ID: node/5665676465,"https://www.google.com/maps/search/?api=1&query=43.013392,144.403816"
ラーメン山岡家,食事,43.818715,144.116444,FALSE,種別: restaurant / 料理ジャンル: ramen / ブランド: ラーメン山岡家,OSM/既存CSV由来。営業時間・営業日・ラストオーダーは要確認。 / OSM ID: node/5199446523,"https://www.google.com/maps/search/?api=1&query=43.818715,144.116444"
ラーメン山岡家,食事,43.999835,144.28416,FALSE,種別: restaurant,OSM/既存CSV由来。営業時間・営業日・ラストオーダーは要確認。 / OSM ID: node/4003709021,"https://www.google.com/maps/search/?api=1&query=43.999835,144.28416"
リズム RHYTHM (旧amicafe),食事,43.017051,144.335385,FALSE,種別: cafe / 料理ジャンル: coffee_shop;regional / 電話: +81 154-52-5544 / Web: http://rhythm-kushiro.com/,OSM/既存CSV由来。営業時間・営業日・ラストオーダーは要確認。 / OSM ID: node/6581119285,"https://www.google.com/maps/search/?api=1&query=43.017051,144.335385"
ルフラン,食事,43.805167,143.891113,FALSE,種別: pub,OSM/既存CSV由来。営業時間・営業日・ラストオーダーは要確認。 / OSM ID: node/5603039933,"https://www.google.com/maps/search/?api=1&query=43.805167,143.891113"
レストラン たんちょう,食事,43.045318,144.196298,FALSE,種別: restaurant,OSM/既存CSV由来。営業時間・営業日・ラストオーダーは要確認。 / OSM ID: node/9112893064,"https://www.google.com/maps/search/?api=1&query=43.045318,144.196298"
レストラン ホワイトハウス,食事,44.020754,144.26527,FALSE,種別: restaurant,OSM/既存CSV由来。営業時間・営業日・ラストオーダーは要確認。 / OSM ID: node/4003716923,"https://www.google.com/maps/search/?api=1&query=44.020754,144.26527"
レストランくりん草,食事,43.555647,144.191732,FALSE,種別: restaurant,OSM/既存CSV由来。営業時間・営業日・ラストオーダーは要確認。 / OSM ID: node/6208067113,"https://www.google.com/maps/search/?api=1&query=43.555647,144.191732"
レストランくるりんく,食事,43.845134,144.294699,FALSE,種別: restaurant,OSM/既存CSV由来。営業時間・営業日・ラストオーダーは要確認。 / OSM ID: node/6205481354,"https://www.google.com/maps/search/?api=1&query=43.845134,144.294699"
レストランオホーツク,食事,43.888303,143.989861,FALSE,種別: restaurant,OSM/既存CSV由来。営業時間・営業日・ラストオーダーは要確認。 / OSM ID: node/4793620321,"https://www.google.com/maps/search/?api=1&query=43.888303,143.989861"
レストランパパス,食事,43.790558,144.534094,FALSE,種別: restaurant,OSM/既存CSV由来。営業時間・営業日・ラストオーダーは要確認。 / OSM ID: node/6594058610,"https://www.google.com/maps/search/?api=1&query=43.790558,144.534094"
レストラン森香,食事,43.637637,144.439629,FALSE,種別: restaurant,OSM/既存CSV由来。営業時間・営業日・ラストオーダーは要確認。 / OSM ID: node/4299744117,"https://www.google.com/maps/search/?api=1&query=43.637637,144.439629"
レストラン槿,食事,43.834652,144.599487,FALSE,種別: restaurant,OSM/既存CSV由来。営業時間・営業日・ラストオーダーは要確認。 / OSM ID: node/6594726504,"https://www.google.com/maps/search/?api=1&query=43.834652,144.599487"
レストラン瞰望,食事,44.060571,143.523529,FALSE,種別: restaurant,OSM/既存CSV由来。営業時間・営業日・ラストオーダーは要確認。 / OSM ID: node/12770295864,"https://www.google.com/maps/search/?api=1&query=44.060571,143.523529"
ワタナベ,食事,43.016637,144.398755,FALSE,種別: restaurant,OSM/既存CSV由来。営業時間・営業日・ラストオーダーは要確認。 / OSM ID: node/5634189167,"https://www.google.com/maps/search/?api=1&query=43.016637,144.398755"
ヴィクトリアステーション,食事,44.020598,144.252341,FALSE,種別: restaurant / 料理ジャンル: steak_house,OSM/既存CSV由来。営業時間・営業日・ラストオーダーは要確認。 / OSM ID: node/11936463097,"https://www.google.com/maps/search/?api=1&query=44.020598,144.252341"
一心,食事,43.880919,144.156551,FALSE,種別: restaurant / 料理ジャンル: noodle,OSM/既存CSV由来。営業時間・営業日・ラストオーダーは要確認。 / OSM ID: node/11936413477,"https://www.google.com/maps/search/?api=1&query=43.880919,144.156551"
万屋 惹人(よろずや わかぞう),食事,43.013516,144.354423,FALSE,種別: pub / 営業時間: We-Mo 18:00+; Tu off / 電話: +81 154-52-8484,OSM/既存CSV由来。営業時間・営業日・ラストオーダーは要確認。 / OSM ID: node/6755151299,"https://www.google.com/maps/search/?api=1&query=43.013516,144.354423"
三福,食事,43.798077,143.884648,FALSE,種別: restaurant / 料理ジャンル: japanese,OSM/既存CSV由来。営業時間・営業日・ラストオーダーは要確認。 / OSM ID: node/11471993035,"https://www.google.com/maps/search/?api=1&query=43.798077,143.884648"
三香温泉,食事,43.573981,144.315205,FALSE,種別: public_bath,OSM/既存CSV由来。営業時間・営業日・ラストオーダーは要確認。 / OSM ID: node/5894300022,"https://www.google.com/maps/search/?api=1&query=43.573981,144.315205"
中島珈琲ビストロ,食事,43.806094,143.90545,FALSE,種別: restaurant / 電話: +81 157 57 4135,OSM/既存CSV由来。営業時間・営業日・ラストオーダーは要確認。 / OSM ID: node/7194429970,"https://www.google.com/maps/search/?api=1&query=43.806094,143.90545"
中華料理 一番点心坊,食事,43.80278,143.877557,FALSE,種別: restaurant / 料理ジャンル: chinese,OSM/既存CSV由来。営業時間・営業日・ラストオーダーは要確認。 / OSM ID: node/11773513156 / OSM check_date: 2024-03-30,"https://www.google.com/maps/search/?api=1&query=43.80278,143.877557"
中華料理天山,食事,44.004998,144.278869,FALSE,種別: restaurant / 料理ジャンル: chinese,OSM/既存CSV由来。営業時間・営業日・ラストオーダーは要確認。 / OSM ID: node/4003709024,"https://www.google.com/maps/search/?api=1&query=44.004998,144.278869"
丸木舟,食事,43.564431,144.342468,FALSE,種別: restaurant / 料理ジャンル: japanese;steak_house;hotpot;fish;ramen,OSM/既存CSV由来。営業時間・営業日・ラストオーダーは要確認。 / OSM ID: node/13011535681,"https://www.google.com/maps/search/?api=1&query=43.564431,144.342468"
丹頂湯,食事,43.013818,144.3572,FALSE,種別: public_bath / 営業時間: Th-Tu 13:00-23:30; We off / 電話: +81 154-51-7894 / Web: https://www.kita-no-sento.com/sento/901/,OSM/既存CSV由来。営業時間・営業日・ラストオーダーは要確認。 / OSM ID: node/6755491866,"https://www.google.com/maps/search/?api=1&query=43.013818,144.3572"
二葉鮨,食事,43.013366,144.35722,FALSE,種別: restaurant / 料理ジャンル: sushi / 電話: +81 154-51-4282,OSM/既存CSV由来。営業時間・営業日・ラストオーダーは要確認。 / OSM ID: node/6755489507,"https://www.google.com/maps/search/?api=1&query=43.013366,144.35722"
停車場,食事,43.95839,144.352615,FALSE,種別: cafe,OSM/既存CSV由来。営業時間・営業日・ラストオーダーは要確認。 / OSM ID: node/5963179163,"https://www.google.com/maps/search/?api=1&query=43.95839,144.352615"
八点鐘お好み焼,食事,44.021216,144.266332,FALSE,種別: restaurant,OSM/既存CSV由来。営業時間・営業日・ラストオーダーは要確認。 / OSM ID: node/4003716925,"https://www.google.com/maps/search/?api=1&query=44.021216,144.266332"
八賽園,食事,43.015168,144.391088,FALSE,種別: restaurant,OSM/既存CSV由来。営業時間・営業日・ラストオーダーは要確認。 / OSM ID: node/5665676457,"https://www.google.com/maps/search/?api=1&query=43.015168,144.391088"
六郷ラーメン,食事,44.025014,143.509425,FALSE,種別: restaurant,OSM/既存CSV由来。営業時間・営業日・ラストオーダーは要確認。 / OSM ID: node/4779307725,"https://www.google.com/maps/search/?api=1&query=44.025014,143.509425"
別海町マルチメディア館,食事,43.39246,145.127309,FALSE,種別: internet_cafe,OSM/既存CSV由来。営業時間・営業日・ラストオーダーは要確認。 / OSM ID: node/4302127489,"https://www.google.com/maps/search/?api=1&query=43.39246,145.127309"
北の珈琲工房 時計台,食事,43.822099,144.103115,FALSE,種別: cafe,OSM/既存CSV由来。営業時間・営業日・ラストオーダーは要確認。 / OSM ID: node/5207877738,"https://www.google.com/maps/search/?api=1&query=43.822099,144.103115"
北の知床,食事,43.795852,143.857993,FALSE,種別: fast_food / 料理ジャンル: ramen,OSM/既存CSV由来。営業時間・営業日・ラストオーダーは要確認。 / OSM ID: node/4929678222,"https://www.google.com/maps/search/?api=1&query=43.795852,143.857993"
北美月,食事,43.806827,143.897691,FALSE,種別: restaurant,OSM/既存CSV由来。営業時間・営業日・ラストオーダーは要確認。 / OSM ID: node/12499060224,"https://www.google.com/maps/search/?api=1&query=43.806827,143.897691"
原生亭温泉,食事,43.924918,144.439063,FALSE,種別: public_bath,OSM/既存CSV由来。営業時間・営業日・ラストオーダーは要確認。 / OSM ID: node/6394124512,"https://www.google.com/maps/search/?api=1&query=43.924918,144.439063"
原生牧場レストラン,食事,43.973438,144.311664,FALSE,種別: restaurant,OSM/既存CSV由来。営業時間・営業日・ラストオーダーは要確認。 / OSM ID: node/6732188131,"https://www.google.com/maps/search/?api=1&query=43.973438,144.311664"
呑みすけゆうちゃん,食事,43.8053,143.888743,FALSE,種別: pub,OSM/既存CSV由来。営業時間・営業日・ラストオーダーは要確認。 / OSM ID: node/12749060044 / OSM check_date: 2025-04-12,"https://www.google.com/maps/search/?api=1&query=43.8053,143.888743"
味のオーハシ,食事,43.549818,144.970533,FALSE,種別: restaurant,OSM/既存CSV由来。営業時間・営業日・ラストオーダーは要確認。 / OSM ID: node/11375347738,"https://www.google.com/maps/search/?api=1&query=43.549818,144.970533"
味の時計台,食事,43.008998,144.404746,FALSE,種別: restaurant / 料理ジャンル: ramen / 営業時間: 11:00-21:00 / 電話: +81-154-39-1133,OSM/既存CSV由来。営業時間・営業日・ラストオーダーは要確認。 / OSM ID: node/5665695486,"https://www.google.com/maps/search/?api=1&query=43.008998,144.404746"
味の時計台,食事,43.808026,143.875304,FALSE,種別: restaurant / 料理ジャンル: ramen,OSM/既存CSV由来。営業時間・営業日・ラストオーダーは要確認。 / OSM ID: node/11949132207,"https://www.google.com/maps/search/?api=1&query=43.808026,143.875304"
味の時計台,食事,44.050257,143.520946,FALSE,種別: restaurant / 料理ジャンル: ramen,OSM/既存CSV由来。営業時間・営業日・ラストオーダーは要確認。 / OSM ID: node/4779288134,"https://www.google.com/maps/search/?api=1&query=44.050257,143.520946"
味覚園銀座店,食事,43.805145,143.891705,FALSE,種別: restaurant / 料理ジャンル: barbecue / 電話: +81 157 23 9000 / Web: https://life-v.co.jp/shop/mikakuenkitamiginza/,OSM/既存CSV由来。営業時間・営業日・ラストオーダーは要確認。 / OSM ID: node/11391085413,"https://www.google.com/maps/search/?api=1&query=43.805145,143.891705"
和琴温泉,食事,43.579497,144.310637,FALSE,種別: public_bath / 自然種別: spring,OSM/既存CSV由来。営業時間・営業日・ラストオーダーは要確認。 / OSM ID: node/4238894598,"https://www.google.com/maps/search/?api=1&query=43.579497,144.310637"
和食・拉麺 北斗,食事,43.045296,144.196237,FALSE,種別: restaurant,OSM/既存CSV由来。営業時間・営業日・ラストオーダーは要確認。 / OSM ID: node/9112893065,"https://www.google.com/maps/search/?api=1&query=43.045296,144.196237"
喫茶どりあん,食事,43.332167,145.581998,FALSE,種別: restaurant / 電話: +81 153 24 3403,OSM/既存CSV由来。営業時間・営業日・ラストオーダーは要確認。 / OSM ID: node/11141028068,"https://www.google.com/maps/search/?api=1&query=43.332167,145.581998"
四条ホルモン,食事,43.806236,143.892944,FALSE,種別: restaurant / 料理ジャンル: barbecue,OSM/既存CSV由来。営業時間・営業日・ラストオーダーは要確認。 / OSM ID: node/8906633795,"https://www.google.com/maps/search/?api=1&query=43.806236,143.892944"
回転寿司 すし若丸,食事,43.818597,144.117029,FALSE,種別: fast_food / 料理ジャンル: sushi,OSM/既存CSV由来。営業時間・営業日・ラストオーダーは要確認。 / OSM ID: node/5199450121,"https://www.google.com/maps/search/?api=1&query=43.818597,144.117029"
回転寿司 まつりや木場店,食事,43.009832,144.408526,FALSE,種別: restaurant / 料理ジャンル: sushi,OSM/既存CSV由来。営業時間・営業日・ラストオーダーは要確認。 / OSM ID: node/5112165626,"https://www.google.com/maps/search/?api=1&query=43.009832,144.408526"
夜のだるまや,食事,43.804865,143.891164,FALSE,種別: restaurant / 料理ジャンル: ramen / 営業時間: Mo-Sa 18:00-06:00; Su 18:00-02:00,OSM/既存CSV由来。営業時間・営業日・ラストオーダーは要確認。 / OSM ID: node/12862421304,"https://www.google.com/maps/search/?api=1&query=43.804865,143.891164"
大宇宙,食事,44.059204,143.52339,FALSE,種別: restaurant,OSM/既存CSV由来。営業時間・営業日・ラストオーダーは要確認。 / OSM ID: node/12770313007,"https://www.google.com/maps/search/?api=1&query=44.059204,143.52339"
大昌園,食事,43.805232,143.890905,FALSE,種別: restaurant,OSM/既存CSV由来。営業時間・営業日・ラストオーダーは要確認。 / OSM ID: node/5603039932,"https://www.google.com/maps/search/?api=1&query=43.805232,143.890905"
天楽分店,食事,43.014322,144.392762,FALSE,種別: restaurant,OSM/既存CSV由来。営業時間・営業日・ラストオーダーは要確認。 / OSM ID: node/5665676458,"https://www.google.com/maps/search/?api=1&query=43.014322,144.392762"
天馬,食事,42.988024,144.383481,FALSE,種別: restaurant,OSM/既存CSV由来。営業時間・営業日・ラストオーダーは要確認。 / OSM ID: node/6735422085,"https://www.google.com/maps/search/?api=1&query=42.988024,144.383481"
居酒屋 竹美,食事,43.010716,144.359391,FALSE,種別: pub / 電話: +81 154-53-1638,OSM/既存CSV由来。営業時間・営業日・ラストオーダーは要確認。 / OSM ID: node/6758836764,"https://www.google.com/maps/search/?api=1&query=43.010716,144.359391"
居酒屋 釧之助,食事,43.013677,144.346856,FALSE,種別: pub / 電話: +81 154-65-8118,OSM/既存CSV由来。営業時間・営業日・ラストオーダーは要確認。 / OSM ID: node/6768629921,"https://www.google.com/maps/search/?api=1&query=43.013677,144.346856"
居酒屋だん,食事,43.799467,143.869612,FALSE,種別: bar,OSM/既存CSV由来。営業時間・営業日・ラストオーダーは要確認。 / OSM ID: node/5139406022,"https://www.google.com/maps/search/?api=1&query=43.799467,143.869612"
居酒屋和助,食事,44.02031,144.26691,FALSE,種別: pub,OSM/既存CSV由来。営業時間・営業日・ラストオーダーは要確認。 / OSM ID: node/4003716928,"https://www.google.com/maps/search/?api=1&query=44.02031,144.26691"
川湯温泉公衆浴場,食事,43.638313,144.435724,FALSE,種別: public_bath,OSM/既存CSV由来。営業時間・営業日・ラストオーダーは要確認。 / OSM ID: node/5788214897,"https://www.google.com/maps/search/?api=1&query=43.638313,144.435724"
川湯温泉街 食事候補エリア,食事,43.6384,144.4385,FALSE,長距離歩行後の温泉・食事・回復ポイント。,具体店舗はGoogle/OSMから追加取得。,"https://www.google.com/maps/search/?api=1&query=43.6384,144.4385"
弟子屈ラーメン総本店,食事,43.496302,144.454387,FALSE,種別: restaurant,OSM/既存CSV由来。営業時間・営業日・ラストオーダーは要確認。 / OSM ID: node/5695604621,"https://www.google.com/maps/search/?api=1&query=43.496302,144.454387"
快活クラブ,食事,43.007626,144.405086,FALSE,種別: cafe,OSM/既存CSV由来。営業時間・営業日・ラストオーダーは要確認。 / OSM ID: node/4832073522,"https://www.google.com/maps/search/?api=1&query=43.007626,144.405086"
恵美寿,食事,44.020912,144.267448,FALSE,種別: restaurant,OSM/既存CSV由来。営業時間・営業日・ラストオーダーは要確認。 / OSM ID: node/4003716927,"https://www.google.com/maps/search/?api=1&query=44.020912,144.267448"
情報無し,食事,42.978529,144.405958,FALSE,種別: cafe,OSM/既存CSV由来。営業時間・営業日・ラストオーダーは要確認。 / OSM ID: node/12944280618,"https://www.google.com/maps/search/?api=1&query=42.978529,144.405958"
情報無し,食事,43.009419,144.408451,FALSE,種別: restaurant / 料理ジャンル: barbecue,OSM/既存CSV由来。営業時間・営業日・ラストオーダーは要確認。 / OSM ID: node/11206991922,"https://www.google.com/maps/search/?api=1&query=43.009419,144.408451"
情報無し,食事,43.057582,144.843994,FALSE,種別: fast_food,OSM/既存CSV由来。営業時間・営業日・ラストオーダーは要確認。 / OSM ID: node/13259777421,"https://www.google.com/maps/search/?api=1&query=43.057582,144.843994"
情報無し,食事,43.079078,144.230911,FALSE,種別: public_bath,OSM/既存CSV由来。営業時間・営業日・ラストオーダーは要確認。 / OSM ID: node/5963987119,"https://www.google.com/maps/search/?api=1&query=43.079078,144.230911"
情報無し,食事,43.244162,143.546575,FALSE,種別: restaurant / 料理ジャンル: ramen,OSM/既存CSV由来。営業時間・営業日・ラストオーダーは要確認。 / OSM ID: node/6318456580,"https://www.google.com/maps/search/?api=1&query=43.244162,143.546575"
情報無し,食事,43.2617,145.438522,FALSE,種別: restaurant / 営業時間: -15:00,OSM/既存CSV由来。営業時間・営業日・ラストオーダーは要確認。 / OSM ID: node/5416657650,"https://www.google.com/maps/search/?api=1&query=43.2617,145.438522"
情報無し,食事,43.313541,145.544,FALSE,種別: restaurant,OSM/既存CSV由来。営業時間・営業日・ラストオーダーは要確認。 / OSM ID: node/11106971752,"https://www.google.com/maps/search/?api=1&query=43.313541,145.544"
情報無し,食事,43.433703,144.10008,FALSE,種別: restaurant / 料理ジャンル: japanese,OSM/既存CSV由来。営業時間・営業日・ラストオーダーは要確認。 / OSM ID: node/6669924685,"https://www.google.com/maps/search/?api=1&query=43.433703,144.10008"
情報無し,食事,43.553625,144.338932,FALSE,種別: restaurant,OSM/既存CSV由来。営業時間・営業日・ラストオーダーは要確認。 / OSM ID: node/13016280201,"https://www.google.com/maps/search/?api=1&query=43.553625,144.338932"
情報無し,食事,43.554217,144.339426,FALSE,種別: cafe,OSM/既存CSV由来。営業時間・営業日・ラストオーダーは要確認。 / OSM ID: node/13011395301 / OSM/既存CSV由来。営業時間・営業日・ラストオーダーは要確認。 / OSM ID: node/13011537501,"https://www.google.com/maps/search/?api=1&query=43.554217,144.339426"
情報無し,食事,43.556169,144.507178,FALSE,種別: restaurant / 料理ジャンル: coffee_shop;friture;ice_cream;regional,OSM/既存CSV由来。営業時間・営業日・ラストオーダーは要確認。 / OSM ID: node/4299706262,"https://www.google.com/maps/search/?api=1&query=43.556169,144.507178"
情報無し,食事,43.564495,144.342468,FALSE,種別: public_bath,OSM/既存CSV由来。営業時間・営業日・ラストオーダーは要確認。 / OSM ID: node/13011535680,"https://www.google.com/maps/search/?api=1&query=43.564495,144.342468"
情報無し,食事,43.590381,145.33479,FALSE,種別: restaurant,OSM/既存CSV由来。営業時間・営業日・ラストオーダーは要確認。 / OSM ID: node/4310478351,"https://www.google.com/maps/search/?api=1&query=43.590381,145.33479"
情報無し,食事,43.638097,144.43627,FALSE,種別: restaurant,OSM/既存CSV由来。営業時間・営業日・ラストオーダーは要確認。 / OSM ID: node/6673477085,"https://www.google.com/maps/search/?api=1&query=43.638097,144.43627"
情報無し,食事,43.648302,144.248015,FALSE,種別: restaurant,OSM/既存CSV由来。営業時間・営業日・ラストオーダーは要確認。 / OSM ID: node/6110711552,"https://www.google.com/maps/search/?api=1&query=43.648302,144.248015"
情報無し,食事,43.707574,144.021846,FALSE,種別: cafe,OSM/既存CSV由来。営業時間・営業日・ラストオーダーは要確認。 / OSM ID: node/11955478742,"https://www.google.com/maps/search/?api=1&query=43.707574,144.021846"
情報無し,食事,43.834589,144.598972,FALSE,種別: public_bath,OSM/既存CSV由来。営業時間・営業日・ラストオーダーは要確認。 / OSM ID: node/6594726503,"https://www.google.com/maps/search/?api=1&query=43.834589,144.598972"
情報無し,食事,43.881856,144.158918,FALSE,種別: restaurant,OSM/既存CSV由来。営業時間・営業日・ラストオーダーは要確認。 / OSM ID: node/6983858105,"https://www.google.com/maps/search/?api=1&query=43.881856,144.158918"
情報無し,食事,43.921823,143.535229,FALSE,種別: restaurant,OSM/既存CSV由来。営業時間・営業日・ラストオーダーは要確認。 / OSM ID: node/4299347090,"https://www.google.com/maps/search/?api=1&query=43.921823,143.535229"
情報無し,食事,44.021984,143.495764,FALSE,種別: cafe,OSM/既存CSV由来。営業時間・営業日・ラストオーダーは要確認。 / OSM ID: node/7236749253,"https://www.google.com/maps/search/?api=1&query=44.021984,143.495764"
情報無し,食事,44.069152,144.990832,FALSE,種別: restaurant,OSM/既存CSV由来。営業時間・営業日・ラストオーダーは要確認。 / OSM ID: node/9751899267,"https://www.google.com/maps/search/?api=1&query=44.069152,144.990832"
情報無し,食事,44.122279,145.080064,FALSE,種別: fast_food / 料理ジャンル: burger,OSM/既存CSV由来。営業時間・営業日・ラストオーダーは要確認。 / OSM ID: node/2538150330,"https://www.google.com/maps/search/?api=1&query=44.122279,145.080064"
情報無し,食事,44.133687,143.963592,FALSE,種別: fast_food,OSM/既存CSV由来。営業時間・営業日・ラストオーダーは要確認。 / OSM ID: node/6438506826,"https://www.google.com/maps/search/?api=1&query=44.133687,143.963592"
摩周温泉;亀の湯,食事,43.479765,144.448321,FALSE,種別: public_bath,OSM/既存CSV由来。営業時間・営業日・ラストオーダーは要確認。 / OSM ID: node/6392961320,"https://www.google.com/maps/search/?api=1&query=43.479765,144.448321"
政寿し,食事,44.058728,143.521898,FALSE,種別: restaurant / 料理ジャンル: sushi,OSM/既存CSV由来。営業時間・営業日・ラストオーダーは要確認。 / OSM ID: node/12770295899,"https://www.google.com/maps/search/?api=1&query=44.058728,143.521898"
日曜島,食事,44.012852,144.275296,FALSE,種別: restaurant,OSM/既存CSV由来。営業時間・営業日・ラストオーダーは要確認。 / OSM ID: node/4003716917,"https://www.google.com/maps/search/?api=1&query=44.012852,144.275296"
昇憲 魂,食事,43.012088,144.39311,FALSE,種別: restaurant,OSM/既存CSV由来。営業時間・営業日・ラストオーダーは要確認。 / OSM ID: node/5665676452,"https://www.google.com/maps/search/?api=1&query=43.012088,144.39311"
春日寿し,食事,43.901418,144.670176,FALSE,種別: restaurant / 料理ジャンル: sushi / 営業時間: Tu-Su 11:30-14:00,OSM/既存CSV由来。営業時間・営業日・ラストオーダーは要確認。 / OSM ID: node/13057860680,"https://www.google.com/maps/search/?api=1&query=43.901418,144.670176"
本気食堂,食事,43.794364,143.892544,FALSE,種別: restaurant / 料理ジャンル: chicken,OSM/既存CSV由来。営業時間・営業日・ラストオーダーは要確認。 / OSM ID: node/9453113407,"https://www.google.com/maps/search/?api=1&query=43.794364,143.892544"
朴然,食事,43.01263,144.404399,FALSE,予算4000円くらい 公立大からの距離 850m(徒歩10分) 駐車場70台  食べログ評価 3.9 / 種別: restaurant / 料理ジャンル: barbecue / 営業時間: 11:00-23:30 / 電話: +81-154-38-2929,OSM/既存CSV由来。営業時間・営業日・ラストオーダーは要確認。 / OSM ID: node/5665676464,"https://www.google.com/maps/search/?api=1&query=43.01263,144.404399"
朴然 昭和店,食事,43.022361,144.357108,FALSE,種別: restaurant / 料理ジャンル: barbecue,OSM/既存CSV由来。営業時間・営業日・ラストオーダーは要確認。 / OSM ID: node/11243084897,"https://www.google.com/maps/search/?api=1&query=43.022361,144.357108"
東家 鳥取分店,食事,43.013401,144.357383,FALSE,種別: restaurant / 料理ジャンル: noodle;japanese / 電話: +81 154-51-3769,OSM/既存CSV由来。営業時間・営業日・ラストオーダーは要確認。 / OSM ID: node/6755489340,"https://www.google.com/maps/search/?api=1&query=43.013401,144.357383"
東屋,食事,43.011753,144.393956,FALSE,種別: restaurant,OSM/既存CSV由来。営業時間・営業日・ラストオーダーは要確認。 / OSM ID: node/5665676460,"https://www.google.com/maps/search/?api=1&query=43.011753,144.393956"
板門店,食事,43.805064,143.888813,FALSE,種別: restaurant / 料理ジャンル: barbecue,OSM/既存CSV由来。営業時間・営業日・ラストオーダーは要確認。 / OSM ID: node/12749060043 / OSM check_date: 2025-04-12,"https://www.google.com/maps/search/?api=1&query=43.805064,143.888813"
標茶温泉;富士温泉,食事,43.296038,144.60356,FALSE,種別: public_bath,OSM/既存CSV由来。営業時間・営業日・ラストオーダーは要確認。 / OSM ID: node/6393773368,"https://www.google.com/maps/search/?api=1&query=43.296038,144.60356"
横浜家系ラーメン一和家 釧路木場店,食事,43.00947,144.408515,FALSE,種別: restaurant / 料理ジャンル: ramen,OSM/既存CSV由来。営業時間・営業日・ラストオーダーは要確認。 / OSM ID: node/11206991923,"https://www.google.com/maps/search/?api=1&query=43.00947,144.408515"
武双,食事,43.014667,144.389936,FALSE,種別: restaurant,OSM/既存CSV由来。営業時間・営業日・ラストオーダーは要確認。 / OSM ID: node/5665725326,"https://www.google.com/maps/search/?api=1&query=43.014667,144.389936"
氏家待合所,食事,43.05564,144.841065,FALSE,種別: fast_food / 料理ジャンル: regional,OSM/既存CSV由来。営業時間・営業日・ラストオーダーは要確認。 / OSM ID: node/13259776982,"https://www.google.com/maps/search/?api=1&query=43.05564,144.841065"
河むら,食事,42.984306,144.386431,FALSE,種別: restaurant / 料理ジャンル: ramen / 営業時間: Mo-Sa 11:00-14:30 / Web: +81-154-24-5334,OSM/既存CSV由来。営業時間・営業日・ラストオーダーは要確認。 / OSM ID: node/12944088178,"https://www.google.com/maps/search/?api=1&query=42.984306,144.386431"
泉屋,食事,43.008616,144.405206,FALSE,種別: restaurant / 料理ジャンル: pasta / 営業時間: Mo-Su 11:00-20:30,OSM/既存CSV由来。営業時間・営業日・ラストオーダーは要確認。 / OSM ID: node/5665695481,"https://www.google.com/maps/search/?api=1&query=43.008616,144.405206"
泉屋,食事,43.01125,144.360777,FALSE,種別: restaurant / 料理ジャンル: pasta,OSM/既存CSV由来。営業時間・営業日・ラストオーダーは要確認。 / OSM ID: node/5326417921,"https://www.google.com/maps/search/?api=1&query=43.01125,144.360777"
浅草軒,食事,43.834843,144.106083,FALSE,種別: restaurant / 料理ジャンル: ramen,OSM/既存CSV由来。営業時間・営業日・ラストオーダーは要確認。 / OSM ID: node/11991143031,"https://www.google.com/maps/search/?api=1&query=43.834843,144.106083"
海鮮じょっぱり亭,食事,43.823416,144.105101,FALSE,種別: pub,OSM/既存CSV由来。営業時間・営業日・ラストオーダーは要確認。 / OSM ID: node/11963924710,"https://www.google.com/maps/search/?api=1&query=43.823416,144.105101"
海鮮家魚政,食事,43.803942,143.890374,FALSE,種別: restaurant / 料理ジャンル: fish / 電話: +81 157 31 7000 / Web: https://life-v.co.jp/shop/uomasa/,OSM/既存CSV由来。営業時間・営業日・ラストオーダーは要確認。 / OSM ID: node/11391085404 / OSM check_date: 2023-12-02,"https://www.google.com/maps/search/?api=1&query=43.803942,143.890374"
瀋陽飯店,食事,43.804606,143.892092,FALSE,種別: restaurant / 料理ジャンル: chinese / 電話: +81 157 25 1145,OSM/既存CSV由来。営業時間・営業日・ラストオーダーは要確認。 / OSM ID: node/11389858054 / OSM check_date: 2023-12-02,"https://www.google.com/maps/search/?api=1&query=43.804606,143.892092"
火の車,食事,43.010554,144.402307,FALSE,LO:20:45 予算:750円 定休日:月曜(祝日営業、翌日休み) 公立大からの距離:1.2km(徒歩15分) / 種別: restaurant / 料理ジャンル: ramen / 営業時間: Tu-Su 11:00-21:00 / 電話: +81-154-39-2240,OSM/既存CSV由来。営業時間・営業日・ラストオーダーは要確認。 / OSM ID: node/5665695479,"https://www.google.com/maps/search/?api=1&query=43.010554,144.402307"
炙屋,食事,43.057657,144.844,FALSE,種別: restaurant,OSM/既存CSV由来。営業時間・営業日・ラストオーダーは要確認。 / OSM ID: node/2877404004 / OSM check_date: 2024-09-07,"https://www.google.com/maps/search/?api=1&query=43.057657,144.844"
炭火焼おおばん,食事,43.794431,143.878626,FALSE,種別: restaurant / 料理ジャンル: barbecue,OSM/既存CSV由来。営業時間・営業日・ラストオーダーは要確認。 / OSM ID: node/11196024519,"https://www.google.com/maps/search/?api=1&query=43.794431,143.878626"
炭焼ダイニング とりの介,食事,43.014468,144.351211,FALSE,種別: pub / 営業時間: Mo-Th 16:00-01:00 / Web: +81 50 5861 8933,OSM/既存CSV由来。営業時間・営業日・ラストオーダーは要確認。 / OSM ID: node/6755185862,"https://www.google.com/maps/search/?api=1&query=43.014468,144.351211"
炭焼味覚園総本店,食事,43.804481,143.890314,FALSE,種別: restaurant / 料理ジャンル: steak_house / 電話: +81 157 25 6895 / Web: https://life-v.co.jp/shop/mikakuensouhonten/,OSM/既存CSV由来。営業時間・営業日・ラストオーダーは要確認。 / OSM ID: node/11391062359,"https://www.google.com/maps/search/?api=1&query=43.804481,143.890314"
炭焼豚丼 源,食事,43.822078,143.909675,FALSE,種別: restaurant,OSM/既存CSV由来。営業時間・営業日・ラストオーダーは要確認。 / OSM ID: node/4798363926,"https://www.google.com/maps/search/?api=1&query=43.822078,143.909675"
焼肉ウエスタン 網走店,食事,44.004443,144.279367,FALSE,種別: restaurant / 料理ジャンル: steak_house,OSM/既存CSV由来。営業時間・営業日・ラストオーダーは要確認。 / OSM ID: node/4003709025,"https://www.google.com/maps/search/?api=1&query=44.004443,144.279367"
焼肉マルイシ,食事,44.00158,144.283765,FALSE,種別: restaurant / 料理ジャンル: barbecue,OSM/既存CSV由来。営業時間・営業日・ラストオーダーは要確認。 / OSM ID: node/12514066965,"https://www.google.com/maps/search/?api=1&query=44.00158,144.283765"
焼肉倶楽部 てやん,食事,44.021193,144.266048,FALSE,種別: restaurant,OSM/既存CSV由来。営業時間・営業日・ラストオーダーは要確認。 / OSM ID: node/4003716926,"https://www.google.com/maps/search/?api=1&query=44.021193,144.266048"
焼肉割烹田村,食事,43.826496,144.105381,FALSE,種別: restaurant,OSM/既存CSV由来。営業時間・営業日・ラストオーダーは要確認。 / OSM ID: node/5603040329,"https://www.google.com/maps/search/?api=1&query=43.826496,144.105381"
焼肉専門味覚苑,食事,43.796185,143.89743,FALSE,種別: restaurant / 料理ジャンル: barbecue / 電話: +81 157248357,OSM/既存CSV由来。営業時間・営業日・ラストオーダーは要確認。 / OSM ID: node/12698300605 / OSM check_date: 2025-03-25,"https://www.google.com/maps/search/?api=1&query=43.796185,143.89743"
焼肉道食,食事,43.804972,143.890074,FALSE,種別: restaurant / 料理ジャンル: barbecue,OSM/既存CSV由来。営業時間・営業日・ラストオーダーは要確認。 / OSM ID: node/11391085303 / OSM check_date: 2023-12-02,"https://www.google.com/maps/search/?api=1&query=43.804972,143.890074"
熊の湯,食事,44.032056,145.155227,FALSE,種別: public_bath,OSM/既存CSV由来。営業時間・営業日・ラストオーダーは要確認。 / OSM ID: node/5930815696,"https://www.google.com/maps/search/?api=1&query=44.032056,145.155227"
玉川庵,食事,43.016192,144.345362,FALSE,種別: restaurant / 料理ジャンル: japanese / 電話: +81 154-51-4628,OSM/既存CSV由来。営業時間・営業日・ラストオーダーは要確認。 / OSM ID: node/6768746832,"https://www.google.com/maps/search/?api=1&query=43.016192,144.345362"
町営公衆浴場;泉の湯,食事,43.481058,144.465908,FALSE,種別: public_bath,OSM/既存CSV由来。営業時間・営業日・ラストオーダーは要確認。 / OSM ID: node/6392952914,"https://www.google.com/maps/search/?api=1&query=43.481058,144.465908"
白帆,食事,43.569185,145.220579,FALSE,種別: restaurant,OSM/既存CSV由来。営業時間・営業日・ラストオーダーは要確認。 / OSM ID: node/5603040324,"https://www.google.com/maps/search/?api=1&query=43.569185,145.220579"
白木屋 網走南4条西1丁目店,食事,44.020902,144.266919,FALSE,種別: pub / ブランド: 白木屋,OSM/既存CSV由来。営業時間・営業日・ラストオーダーは要確認。 / OSM ID: node/4003716921,"https://www.google.com/maps/search/?api=1&query=44.020902,144.266919"
知床かに乃家,食事,44.071962,144.993506,FALSE,種別: restaurant,OSM/既存CSV由来。営業時間・営業日・ラストオーダーは要確認。 / OSM ID: node/5893195391,"https://www.google.com/maps/search/?api=1&query=44.071962,144.993506"
知床くまうし,食事,43.911993,144.663372,FALSE,種別: fast_food / 料理ジャンル: ramen;japanese / 営業時間: Mo-Su 11:00-15:00,OSM/既存CSV由来。営業時間・営業日・ラストオーダーは要確認。 / OSM ID: node/13057860688,"https://www.google.com/maps/search/?api=1&query=43.911993,144.663372"
知床斜里駅周辺 食事候補エリア,食事,43.9108,144.6618,FALSE,知床方面に入る前の昼食・補給に適した町中エリア。,具体店舗はGoogle/OSMから追加取得。,"https://www.google.com/maps/search/?api=1&query=43.9108,144.6618"
知床食堂,食事,44.01723,145.19208,FALSE,種別: restaurant / 料理ジャンル: seafood;japanese;ice_cream / 営業時間: Mo-Su 08:00-20:00 / 電話: 0153 87 4460 / Web: https://www.shiretoko-syokudo.com/,OSM/既存CSV由来。営業時間・営業日・ラストオーダーは要確認。 / OSM ID: node/5603040025,"https://www.google.com/maps/search/?api=1&query=44.01723,145.19208"
福よし,食事,44.058907,143.521754,FALSE,種別: restaurant / 料理ジャンル: japanese,OSM/既存CSV由来。営業時間・営業日・ラストオーダーは要確認。 / OSM ID: node/12770295898,"https://www.google.com/maps/search/?api=1&query=44.058907,143.521754"
秀航園,食事,43.011494,144.404597,FALSE,LO:20:45 定休日:水曜(祝日の場合は翌日) 予算:800円~ 公立大からの距離:1.1km(徒歩14分) / 種別: restaurant / 料理ジャンル: ramen / 営業時間: Th-Tu 11:00-20:00 / 電話: +81 154 37 0006,OSM/既存CSV由来。営業時間・営業日・ラストオーダーは要確認。 / OSM ID: node/5665695480,"https://www.google.com/maps/search/?api=1&query=43.011494,144.404597"
築地銀だこ,食事,43.808406,143.875878,FALSE,種別: fast_food / 料理ジャンル: takoyaki / ブランド: 築地銀だこ,OSM/既存CSV由来。営業時間・営業日・ラストオーダーは要確認。 / OSM ID: node/11949132211,"https://www.google.com/maps/search/?api=1&query=43.808406,143.875878"
網走監獄食堂,食事,43.996609,144.228583,FALSE,種別: restaurant / 営業時間: Mo-Su 11:00-14:30,OSM/既存CSV由来。営業時間・営業日・ラストオーダーは要確認。 / OSM ID: node/6989693413 / OSM check_date: 2024-09-09,"https://www.google.com/maps/search/?api=1&query=43.996609,144.228583"
羅臼町 海鮮・食事候補エリア,食事,44.0201,145.1904,FALSE,ゴール後の食体験。『知床の海を食べる』ストーリー化候補。,具体店舗はGoogle/OSMから追加取得。,"https://www.google.com/maps/search/?api=1&query=44.0201,145.1904"
羊屋鮮肉,食事,43.804295,143.894642,FALSE,種別: restaurant / 料理ジャンル: barbecue,OSM/既存CSV由来。営業時間・営業日・ラストオーダーは要確認。 / OSM ID: node/11949977957,"https://www.google.com/maps/search/?api=1&query=43.804295,143.894642"
肉のなごみ,食事,43.804533,143.890364,FALSE,種別: restaurant / 料理ジャンル: steak_house / 電話: +81 157 26 4000 / Web: https://life-v.co.jp/shop/nikunonagomi/,OSM/既存CSV由来。営業時間・営業日・ラストオーダーは要確認。 / OSM ID: node/11391062360,"https://www.google.com/maps/search/?api=1&query=43.804533,143.890364"
茶房 あまぽーら,食事,43.022344,144.329358,FALSE,種別: cafe,OSM/既存CSV由来。営業時間・営業日・ラストオーダーは要確認。 / OSM ID: node/9270745251,"https://www.google.com/maps/search/?api=1&query=43.022344,144.329358"
蒸汽船,食事,44.021296,144.267219,FALSE,種別: pub,OSM/既存CSV由来。営業時間・営業日・ラストオーダーは要確認。 / OSM ID: node/4003716919,"https://www.google.com/maps/search/?api=1&query=44.021296,144.267219"
西川,食事,44.049974,143.521824,FALSE,種別: bar,OSM/既存CSV由来。営業時間・営業日・ラストオーダーは要確認。 / OSM ID: node/5468457826,"https://www.google.com/maps/search/?api=1&query=44.049974,143.521824"
豪壱,食事,43.012331,144.393929,FALSE,種別: restaurant / 料理ジャンル: ramen / 営業時間: 11:00-14:30,OSM/既存CSV由来。営業時間・営業日・ラストオーダーは要確認。 / OSM ID: node/5665676449,"https://www.google.com/maps/search/?api=1&query=43.012331,144.393929"
貴州屋(きしゅうや),食事,42.955121,144.079541,FALSE,種別: restaurant / 料理ジャンル: sushi,OSM/既存CSV由来。営業時間・営業日・ラストオーダーは要確認。 / OSM ID: node/11206991872,"https://www.google.com/maps/search/?api=1&query=42.955121,144.079541"
赤ちょうちん横丁,食事,42.984211,144.389113,FALSE,種別: restaurant,OSM/既存CSV由来。営業時間・営業日・ラストオーダーは要確認。 / OSM ID: node/5892706790,"https://www.google.com/maps/search/?api=1&query=42.984211,144.389113"
足湯,食事,43.637762,144.435381,FALSE,種別: public_bath,OSM/既存CSV由来。営業時間・営業日・ラストオーダーは要確認。 / OSM ID: node/5843441559,"https://www.google.com/maps/search/?api=1&query=43.637762,144.435381"
足湯,食事,43.79042,144.534184,FALSE,種別: public_bath,OSM/既存CSV由来。営業時間・営業日・ラストオーダーは要確認。 / OSM ID: node/7151233093,"https://www.google.com/maps/search/?api=1&query=43.79042,144.534184"
軽食喫茶トロッコ,食事,43.968376,144.320147,FALSE,種別: cafe,OSM/既存CSV由来。営業時間・営業日・ラストオーダーは要確認。 / OSM ID: node/5963183785,"https://www.google.com/maps/search/?api=1&query=43.968376,144.320147"
軽食喫茶二丁目,食事,43.552479,144.978056,FALSE,種別: restaurant,OSM/既存CSV由来。営業時間・営業日・ラストオーダーは要確認。 / OSM ID: node/11375347761,"https://www.google.com/maps/search/?api=1&query=43.552479,144.978056"
酒房 はにゅう,食事,43.010459,144.359782,FALSE,種別: pub / 電話: +81 154-53-2525,OSM/既存CSV由来。営業時間・営業日・ラストオーダーは要確認。 / OSM ID: node/6758847202,"https://www.google.com/maps/search/?api=1&query=43.010459,144.359782"
酒菜亭 喜八,食事,44.020439,144.264622,FALSE,種別: pub,OSM/既存CSV由来。営業時間・営業日・ラストオーダーは要確認。 / OSM ID: node/4003716931,"https://www.google.com/maps/search/?api=1&query=44.020439,144.264622"
釧路ラーメン 銀龍,食事,43.0172,144.334844,FALSE,種別: restaurant / 料理ジャンル: chinese / 営業時間: 17:00-22:00 / 電話: +81 154-51-8480,OSM/既存CSV由来。営業時間・営業日・ラストオーダーは要確認。 / OSM ID: node/4780680521,"https://www.google.com/maps/search/?api=1&query=43.0172,144.334844"
食事処 エランドール,食事,42.955349,144.075715,FALSE,種別: restaurant / 電話: 01547-2-2711,OSM/既存CSV由来。営業時間・営業日・ラストオーダーは要確認。 / OSM ID: node/11206991871,"https://www.google.com/maps/search/?api=1&query=42.955349,144.075715"
食事処いしざわ,食事,44.020443,144.267302,FALSE,種別: pub,OSM/既存CSV由来。営業時間・営業日・ラストオーダーは要確認。 / OSM ID: node/4003716929,"https://www.google.com/maps/search/?api=1&query=44.020443,144.267302"
餃子の王将,食事,43.008344,144.404751,FALSE,種別: restaurant / 料理ジャンル: chinese;gyoza / ブランド: 餃子の王将 / 営業時間: Mo-Su / Web: +81-154-36-8211,OSM/既存CSV由来。営業時間・営業日・ラストオーダーは要確認。 / OSM ID: node/5665695482,"https://www.google.com/maps/search/?api=1&query=43.008344,144.404751"
餃子の王将,食事,43.808393,143.87496,FALSE,種別: restaurant / 料理ジャンル: chinese;gyoza / ブランド: 餃子の王将,OSM/既存CSV由来。営業時間・営業日・ラストオーダーは要確認。 / OSM ID: node/11949143323,"https://www.google.com/maps/search/?api=1&query=43.808393,143.87496"
魚花,食事,43.805026,143.891295,FALSE,種別: restaurant,OSM/既存CSV由来。営業時間・営業日・ラストオーダーは要確認。 / OSM ID: node/5603040330,"https://www.google.com/maps/search/?api=1&query=43.805026,143.891295"
鮨ダイニング月,食事,44.000801,144.284367,FALSE,種別: restaurant / 料理ジャンル: sushi,OSM/既存CSV由来。営業時間・営業日・ラストオーダーは要確認。 / OSM ID: node/4003709022,"https://www.google.com/maps/search/?api=1&query=44.000801,144.284367"
麺や 北町,食事,43.017707,144.338016,FALSE,種別: restaurant / 料理ジャンル: chinese / 営業時間: We-Mo 11:00-15:00 / Web: +81 154-51-1555,OSM/既存CSV由来。営業時間・営業日・ラストオーダーは要確認。 / OSM ID: node/6768934739,"https://www.google.com/maps/search/?api=1&query=43.017707,144.338016"
ARUN Hotel,宿泊,43.970548,144.215245,FALSE,宿泊種別: hotel,OSM/既存CSV由来。営業期間・予約可否は要確認。 / OSM ID: node/12273297701,"https://www.google.com/maps/search/?api=1&query=43.970548,144.215245"
BOTH,宿泊,43.901225,144.684114,FALSE,宿泊種別: hostel / 電話: 0152-26-7800 / Web: https://shiretoko-b.com/,OSM/既存CSV由来。営業期間・予約可否は要確認。 / OSM ID: node/13057860675,"https://www.google.com/maps/search/?api=1&query=43.901225,144.684114"
Bon's Home,宿泊,44.070288,144.994495,FALSE,宿泊種別: guest_house,OSM/既存CSV由来。営業期間・予約可否は要確認。 / OSM ID: node/13040614301,"https://www.google.com/maps/search/?api=1&query=44.070288,144.994495"
Bon’s Home,宿泊,44.070298,144.994535,FALSE,宿泊種別: hostel / Web: http://bonshome.com,OSM/既存CSV由来。営業期間・予約可否は要確認。 / OSM ID: node/13227352901,"https://www.google.com/maps/search/?api=1&query=44.070298,144.994535"
CheapTrip Глемпинг,宿泊,44.032466,145.706544,FALSE,宿泊種別: camp_site,OSM/既存CSV由来。営業期間・予約可否は要確認。 / OSM ID: node/11076670005,"https://www.google.com/maps/search/?api=1&query=44.032466,145.706544"
Guest House,宿泊,43.911688,144.644686,FALSE,宿泊種別: hotel,OSM/既存CSV由来。営業期間・予約可否は要確認。 / OSM ID: node/4284412589,"https://www.google.com/maps/search/?api=1&query=43.911688,144.644686"
Hotel Taito,宿泊,43.231261,144.322402,FALSE,宿泊種別: hotel,OSM/既存CSV由来。営業期間・予約可否は要確認。 / OSM ID: node/11936106029,"https://www.google.com/maps/search/?api=1&query=43.231261,144.322402"
Iruka hotel,宿泊,44.066711,144.979566,FALSE,宿泊種別: hotel,OSM/既存CSV由来。営業期間・予約可否は要確認。 / OSM ID: node/13040634774 / OSM check_date: 2025-08-01,"https://www.google.com/maps/search/?api=1&query=44.066711,144.979566"
Kokusetsu Shiretokoyaeijo,宿泊,44.07391,145.001832,FALSE,宿泊種別: camp_site / 運営: National government / 電話: +81152242722 / Web: https://blog.shiretoko.asia/,OSM/既存CSV由来。営業期間・予約可否は要確認。 / OSM ID: node/5772091853,"https://www.google.com/maps/search/?api=1&query=44.07391,145.001832"
Kushiro shitsugen Touro Youth Hostel,宿泊,43.151077,144.496503,FALSE,宿泊種別: hostel,OSM/既存CSV由来。営業期間・予約可否は要確認。 / OSM ID: node/5163615431,"https://www.google.com/maps/search/?api=1&query=43.151077,144.496503"
MO-TTOかぜてキャンプ場,宿泊,43.149967,145.104082,FALSE,宿泊種別: camp_site,OSM/既存CSV由来。営業期間・予約可否は要確認。 / OSM ID: node/13294232884,"https://www.google.com/maps/search/?api=1&query=43.149967,145.104082"
Minshuku Ryokan Shiretokoso,宿泊,44.069478,144.994927,FALSE,宿泊種別: hotel,OSM/既存CSV由来。営業期間・予約可否は要確認。 / OSM ID: node/5884147286,"https://www.google.com/maps/search/?api=1&query=44.069478,144.994927"
New Humber,宿泊,44.223893,143.616672,FALSE,宿泊種別: hotel,OSM/既存CSV由来。営業期間・予約可否は要確認。 / OSM ID: node/11927661402,"https://www.google.com/maps/search/?api=1&query=44.223893,143.616672"
OkuShumbetsu CampField,宿泊,43.461178,144.409314,FALSE,宿泊種別: camp_site,OSM/既存CSV由来。営業期間・予約可否は要確認。 / OSM ID: node/10682150445,"https://www.google.com/maps/search/?api=1&query=43.461178,144.409314"
RECAMP摩周,宿泊,43.479218,144.450956,FALSE,宿泊種別: camp_site,OSM/既存CSV由来。営業期間・予約可否は要確認。 / OSM ID: node/5110934325,"https://www.google.com/maps/search/?api=1&query=43.479218,144.450956"
RECAMP砂湯,宿泊,43.623315,144.359293,FALSE,宿泊種別: camp_site,OSM/既存CSV由来。営業期間・予約可否は要確認。 / OSM ID: node/4450199695,"https://www.google.com/maps/search/?api=1&query=43.623315,144.359293"
Rider’s House,宿泊,43.911397,144.644969,FALSE,宿泊種別: hostel,OSM/既存CSV由来。営業期間・予約可否は要確認。 / OSM ID: node/5730197222,"https://www.google.com/maps/search/?api=1&query=43.911397,144.644969"
Rider’s House,宿泊,44.021193,145.188667,FALSE,宿泊種別: hostel,OSM/既存CSV由来。営業期間・予約可否は要確認。 / OSM ID: node/5729393122,"https://www.google.com/maps/search/?api=1&query=44.021193,145.188667"
Shiretokoserai,宿泊,44.015432,145.190607,FALSE,宿泊種別: hotel,OSM/既存CSV由来。営業期間・予約可否は要確認。 / OSM ID: node/13514290901,"https://www.google.com/maps/search/?api=1&query=44.015432,145.190607"
Urahoro Forest Park Camping Ground,宿泊,42.809953,143.668804,FALSE,宿泊種別: camp_site,OSM/既存CSV由来。営業期間・予約可否は要確認。 / OSM ID: node/4851267824,"https://www.google.com/maps/search/?api=1&query=42.809953,143.668804"
ushiyado,宿泊,43.549569,144.975562,FALSE,宿泊種別: guest_house / 電話: +81 153 77 9305 / Web: https://ushiyado.jp/,OSM/既存CSV由来。営業期間・予約可否は要確認。 / OSM ID: node/11295472473,"https://www.google.com/maps/search/?api=1&query=43.549569,144.975562"
Восток,宿泊,44.027472,145.865534,FALSE,宿泊種別: hotel,OSM/既存CSV由来。営業期間・予約可否は要確認。 / OSM ID: node/4686174389,"https://www.google.com/maps/search/?api=1&query=44.027472,145.865534"
Дом дружбы,宿泊,44.02797,145.859744,FALSE,宿泊種別: hotel,OSM/既存CSV由来。営業期間・予約可否は要確認。 / OSM ID: node/12162409156,"https://www.google.com/maps/search/?api=1&query=44.02797,145.859744"
Источники Чайка,宿泊,44.172482,145.991884,FALSE,宿泊種別: camp_site,OSM/既存CSV由来。営業期間・予約可否は要確認。 / OSM ID: node/11091006447,"https://www.google.com/maps/search/?api=1&query=44.172482,145.991884"
Кунашир Резорт и СПА,宿泊,44.013106,145.771199,FALSE,宿泊種別: hotel / 営業時間: Mo-Su 08:00-23:00 / 電話: 8 (800) 777-20-87 / Web: https://kunashir-resort.ru/,OSM/既存CSV由来。営業期間・予約可否は要確認。 / OSM ID: node/12177953501,"https://www.google.com/maps/search/?api=1&query=44.013106,145.771199"
Лисий берег,宿泊,44.283554,146.300742,FALSE,宿泊種別: camp_site,OSM/既存CSV由来。営業期間・予約可否は要確認。 / OSM ID: node/11090947291,"https://www.google.com/maps/search/?api=1&query=44.283554,146.300742"
Лисья поляна,宿泊,44.288704,146.304781,FALSE,宿泊種別: camp_site,OSM/既存CSV由来。営業期間・予約可否は要確認。 / OSM ID: node/11090964023,"https://www.google.com/maps/search/?api=1&query=44.288704,146.304781"
Площадка на Верхне-докторских источниках,宿泊,43.999502,145.773422,FALSE,宿泊種別: camp_site,OSM/既存CSV由来。営業期間・予約可否は要確認。 / OSM ID: node/8090330717,"https://www.google.com/maps/search/?api=1&query=43.999502,145.773422"
Стоянка «У моря»,宿泊,44.011688,145.677884,FALSE,宿泊種別: camp_site,OSM/既存CSV由来。営業期間・予約可否は要確認。 / OSM ID: node/6734044346,"https://www.google.com/maps/search/?api=1&query=44.011688,145.677884"
У Саратовки,宿泊,44.259109,146.103264,FALSE,宿泊種別: camp_site,OSM/既存CSV由来。営業期間・予約可否は要確認。 / OSM ID: node/11090990195,"https://www.google.com/maps/search/?api=1&query=44.259109,146.103264"
У камней с антурами,宿泊,44.272471,146.251931,FALSE,宿泊種別: camp_site,OSM/既存CSV由来。営業期間・予約可否は要確認。 / OSM ID: node/11090981641,"https://www.google.com/maps/search/?api=1&query=44.272471,146.251931"
у Тимошенко,宿泊,44.032686,145.830476,FALSE,宿泊種別: hotel,OSM/既存CSV由来。営業期間・予約可否は要確認。 / OSM ID: node/13027063316,"https://www.google.com/maps/search/?api=1&query=44.032686,145.830476"
あさ寝坊 Asanebou,宿泊,43.619212,144.456119,FALSE,宿泊種別: guest_house / 電話: +81 15-483-2725 / Web: asanebou.jp,OSM/既存CSV由来。営業期間・予約可否は要確認。 / OSM ID: node/4201212689,"https://www.google.com/maps/search/?api=1&query=43.619212,144.456119"
きりたっぷ岬キャンプ場,宿泊,43.079622,145.162544,FALSE,宿泊種別: camp_site,OSM/既存CSV由来。営業期間・予約可否は要確認。 / OSM ID: node/12908531968,"https://www.google.com/maps/search/?api=1&query=43.079622,145.162544"
つつじ公園キャンプ場,宿泊,43.760807,143.520298,FALSE,宿泊種別: camp_site,OSM/既存CSV由来。営業期間・予約可否は要確認。 / OSM ID: node/4232976089,"https://www.google.com/maps/search/?api=1&query=43.760807,143.520298"
ふぁーむながの,宿泊,43.587118,145.211959,FALSE,宿泊種別: camp_site,OSM/既存CSV由来。営業期間・予約可否は要確認。 / OSM ID: node/12042932957,"https://www.google.com/maps/search/?api=1&query=43.587118,145.211959"
ふくろうの渓谷,宿泊,43.966961,144.275754,FALSE,宿泊種別: camp_site,OSM/既存CSV由来。営業期間・予約可否は要確認。 / OSM ID: node/13312450084,"https://www.google.com/maps/search/?api=1&query=43.966961,144.275754"
ふれあいキャンプ場,宿泊,43.382202,145.110392,FALSE,宿泊種別: camp_site,OSM/既存CSV由来。営業期間・予約可否は要確認。 / OSM ID: node/13417053334,"https://www.google.com/maps/search/?api=1&query=43.382202,145.110392"
みぃとインつべつ,宿泊,43.704225,144.03578,FALSE,宿泊種別: hostel,OSM/既存CSV由来。営業期間・予約可否は要確認。 / OSM ID: node/5207877729,"https://www.google.com/maps/search/?api=1&query=43.704225,144.03578"
みどり工房しゃり そよかぜキャンプ場,宿泊,43.893904,144.690933,FALSE,宿泊種別: camp_site,OSM/既存CSV由来。営業期間・予約可否は要確認。 / OSM ID: node/2587155404,"https://www.google.com/maps/search/?api=1&query=43.893904,144.690933"
ウシ空のキャンプ場,宿泊,43.61408,144.869967,FALSE,宿泊種別: camp_site,OSM/既存CSV由来。営業期間・予約可否は要確認。 / OSM ID: node/12811729098,"https://www.google.com/maps/search/?api=1&query=43.61408,144.869967"
オーベルジュ 北の暖暖,宿泊,44.007028,144.236192,FALSE,宿泊種別: hotel / Web: http://kitanodandan.com/,OSM/既存CSV由来。営業期間・予約可否は要確認。 / OSM ID: node/10223489276,"https://www.google.com/maps/search/?api=1&query=44.007028,144.236192"
キムアネップ岬キャンプ場,宿泊,44.107378,143.906887,FALSE,宿泊種別: camp_site / 運営: 佐呂間町役場経済課商工観光係 / 営業時間: Jun 01-Oct 21 / 電話: +81 1587-2-1200 / Web: https://www.town.saroma.hokkaido.jp/kakuka/keizaika/kimuaneppu.html,OSM/既存CSV由来。営業期間・予約可否は要確認。 / OSM ID: node/4299400864,"https://www.google.com/maps/search/?api=1&query=44.107378,143.906887"
ゲストハウス一番街,宿泊,43.804597,143.894511,FALSE,宿泊種別: guest_house / Web: https://www.guesthouse-ichibangai.com/,OSM/既存CSV由来。営業期間・予約可否は要確認。 / OSM ID: node/8778957050,"https://www.google.com/maps/search/?api=1&query=43.804597,143.894511"
コムケ国際キャンプ場,宿泊,44.255551,143.520181,FALSE,宿泊種別: camp_site,OSM/既存CSV由来。営業期間・予約可否は要確認。 / OSM ID: node/4209907200,"https://www.google.com/maps/search/?api=1&query=44.255551,143.520181"
コンフォートホテル釧路,宿泊,42.988814,144.383449,FALSE,宿泊種別: hotel,OSM/既存CSV由来。営業期間・予約可否は要確認。 / OSM ID: node/1759357952 / OSM check_date: 2024-09-05,"https://www.google.com/maps/search/?api=1&query=42.988814,144.383449"
ビジネスホテル ユニオン,宿泊,43.80498,143.88813,FALSE,宿泊種別: hotel,OSM/既存CSV由来。営業期間・予約可否は要確認。 / OSM ID: node/5154672325,"https://www.google.com/maps/search/?api=1&query=43.80498,143.88813"
ビジネスホテル桶谷,宿泊,43.012667,144.357665,FALSE,宿泊種別: hotel,OSM/既存CSV由来。営業期間・予約可否は要確認。 / OSM ID: node/6728848014,"https://www.google.com/maps/search/?api=1&query=43.012667,144.357665"
ファームイン・アニマの里,宿泊,44.001088,144.230773,FALSE,宿泊種別: hotel,OSM/既存CSV由来。営業期間・予約可否は要確認。 / OSM ID: node/4003709044,"https://www.google.com/maps/search/?api=1&query=44.001088,144.230773"
ペンションわにの家,宿泊,43.98239,144.223907,FALSE,宿泊種別: hotel,OSM/既存CSV由来。営業期間・予約可否は要確認。 / OSM ID: node/4003709048,"https://www.google.com/maps/search/?api=1&query=43.98239,144.223907"
ホテル ひがしもこと,宿泊,43.845175,144.294849,FALSE,宿泊種別: hotel,OSM/既存CSV由来。営業期間・予約可否は要確認。 / OSM ID: node/5816725498,"https://www.google.com/maps/search/?api=1&query=43.845175,144.294849"
ホテル マーシュランド,宿泊,43.013918,144.347452,FALSE,宿泊種別: hotel / 電話: +81 154-51-5557 / Web: https://www.hotel-marshland.jp/ / 宿泊種別: hotel,OSM/既存CSV由来。営業期間・予約可否は要確認。 / OSM ID: node/6768632970 / OSM/既存CSV由来。営業期間・予約可否は要確認。 / OSM ID: node/11930241450,"https://www.google.com/maps/search/?api=1&query=43.013918,144.347452"
ホテルアスター,宿泊,43.803833,143.892416,FALSE,宿泊種別: hotel / 電話: +81 157 26 2111 / Web: http://hotel-aster.net/,OSM/既存CSV由来。営業期間・予約可否は要確認。 / OSM ID: node/11389858052,"https://www.google.com/maps/search/?api=1&query=43.803833,143.892416"
ホテルパークウェイ Hotel Parkway,宿泊,43.616839,144.454612,FALSE,宿泊種別: hotel / 電話: +81 15-483-2616 / Web: https://h-parkway.com/,OSM/既存CSV由来。営業期間・予約可否は要確認。 / OSM ID: node/4201199590,"https://www.google.com/maps/search/?api=1&query=43.616839,144.454612"
ホテルルートイン網走駅前,宿泊,44.020783,144.254073,FALSE,宿泊種別: hotel / 電話: +81 152 44 5511 / Web: https://www.route-inn.co.jp/hotel_list/hokkaido/index_hotel_id_502/,OSM/既存CSV由来。営業期間・予約可否は要確認。 / OSM ID: node/11936463136,"https://www.google.com/maps/search/?api=1&query=44.020783,144.254073"
ホテル御前水,宿泊,43.434108,144.09296,FALSE,宿泊種別: hotel,OSM/既存CSV由来。営業期間・予約可否は要確認。 / OSM ID: node/11927637867,"https://www.google.com/maps/search/?api=1&query=43.434108,144.09296"
ホテル網走湖荘,宿泊,43.983039,144.21877,FALSE,宿泊種別: hotel,OSM/既存CSV由来。営業期間・予約可否は要確認。 / OSM ID: node/4003709049,"https://www.google.com/maps/search/?api=1&query=43.983039,144.21877"
ミヤシゲさんゲストハウス,宿泊,43.205917,144.524829,FALSE,宿泊種別: guest_house,OSM/既存CSV由来。営業期間・予約可否は要確認。 / OSM ID: node/7835945086,"https://www.google.com/maps/search/?api=1&query=43.205917,144.524829"
ライダーハウスSLの宿,宿泊,44.1035,143.728375,FALSE,宿泊種別: hostel,OSM/既存CSV由来。営業期間・予約可否は要確認。 / OSM ID: node/5744886622,"https://www.google.com/maps/search/?api=1&query=44.1035,143.728375"
レイクサイドパーク・のとろ キャンプ場,宿泊,44.045009,144.186753,FALSE,宿泊種別: camp_site / 運営: レイクサイドパーク・のとろ管理事務所 / 営業時間: Jun 01-Sep 30 / 電話: 0152-47-1255 / Web: https://www.city.abashiri.hokkaido.jp/040shisetsu/050sports/410lakesidepark_notoro/040camp.html,OSM/既存CSV由来。営業期間・予約可否は要確認。 / OSM ID: node/4059882436,"https://www.google.com/maps/search/?api=1&query=44.045009,144.186753"
レイクサイドリゾートペンション クッシャレラ,宿泊,43.563166,144.342779,FALSE,宿泊種別: guest_house / 電話: +810154867866 / Web: https://kussha-rera.com,OSM/既存CSV由来。営業期間・予約可否は要確認。 / OSM ID: node/13574771201 / OSM check_date: 2026-02-18,"https://www.google.com/maps/search/?api=1&query=43.563166,144.342779"
中標津町緑ヶ丘森林公園 林間キャンプ場,宿泊,43.563649,144.956362,FALSE,宿泊種別: camp_site,OSM/既存CSV由来。営業期間・予約可否は要確認。 / OSM ID: node/2977657770,"https://www.google.com/maps/search/?api=1&query=43.563649,144.956362"
北天の丘あばしり湖鶴雅リゾート,宿泊,43.968572,144.211076,FALSE,宿泊種別: hotel,OSM/既存CSV由来。営業期間・予約可否は要確認。 / OSM ID: node/4003709050,"https://www.google.com/maps/search/?api=1&query=43.968572,144.211076"
塘路元村キャンプ場,宿泊,43.152892,144.509939,FALSE,宿泊種別: camp_site / Web: http://www.sip.or.jp/~kankou/enjoy/enjoy-camp.html,OSM/既存CSV由来。営業期間・予約可否は要確認。 / OSM ID: node/6603281285,"https://www.google.com/maps/search/?api=1&query=43.152892,144.509939"
大喜湯,宿泊,42.97617,144.414161,FALSE,宿泊種別: hotel,OSM/既存CSV由来。営業期間・予約可否は要確認。 / OSM ID: node/13284828920,"https://www.google.com/maps/search/?api=1&query=42.97617,144.414161"
天都の宿 網走観光ホテル,宿泊,43.992426,144.22508,FALSE,宿泊種別: hotel,OSM/既存CSV由来。営業期間・予約可否は要確認。 / OSM ID: node/4003709045,"https://www.google.com/maps/search/?api=1&query=43.992426,144.22508"
天都の郷ホテル本陣網走湖,宿泊,44.009927,144.233607,FALSE,宿泊種別: hotel / Web: https://breezbay-group.com/honjin-a/,OSM/既存CSV由来。営業期間・予約可否は要確認。 / OSM ID: node/4003709042,"https://www.google.com/maps/search/?api=1&query=44.009927,144.233607"
女満別湖畔キャンプ場,宿泊,43.91648,144.167877,FALSE,宿泊種別: camp_site,OSM/既存CSV由来。営業期間・予約可否は要確認。 / OSM ID: node/10672228478,"https://www.google.com/maps/search/?api=1&query=43.91648,144.167877"
女満別湖畔公園野営場,宿泊,43.920128,144.178057,FALSE,宿泊種別: camp_site,OSM/既存CSV由来。営業期間・予約可否は要確認。 / OSM ID: node/10672228475,"https://www.google.com/maps/search/?api=1&query=43.920128,144.178057"
富貴の里レジデンス,宿泊,42.891794,143.932019,FALSE,宿泊種別: guest_house,OSM/既存CSV由来。営業期間・予約可否は要確認。 / OSM ID: node/10158501764,"https://www.google.com/maps/search/?api=1&query=42.891794,143.932019"
屈斜路湖ホテル,宿泊,43.645372,144.398661,FALSE,宿泊種別: hotel,OSM/既存CSV由来。営業期間・予約可否は要確認。 / OSM ID: node/6673454385,"https://www.google.com/maps/search/?api=1&query=43.645372,144.398661"
山水荘ホテル,宿泊,43.433387,144.099956,FALSE,宿泊種別: hotel,OSM/既存CSV由来。営業期間・予約可否は要確認。 / OSM ID: node/6669803188,"https://www.google.com/maps/search/?api=1&query=43.433387,144.099956"
川湯温泉 宿泊候補エリア,宿泊,43.6388,144.4382,FALSE,温泉宿泊の中核。連泊・休息日設計に向く。,具体施設はOSM/Googleから追加取得。,"https://www.google.com/maps/search/?api=1&query=43.6388,144.4382"
情報無し,宿泊,43.142573,144.140895,FALSE,宿泊種別: camp_site,OSM/既存CSV由来。営業期間・予約可否は要確認。 / OSM ID: node/10783441669,"https://www.google.com/maps/search/?api=1&query=43.142573,144.140895"
情報無し,宿泊,43.649901,145.137056,FALSE,宿泊種別: hotel,OSM/既存CSV由来。営業期間・予約可否は要確認。 / OSM ID: node/6331430793,"https://www.google.com/maps/search/?api=1&query=43.649901,145.137056"
情報無し,宿泊,43.932559,145.115018,FALSE,宿泊種別: camp_site,OSM/既存CSV由来。営業期間・予約可否は要確認。 / OSM ID: node/4242155691,"https://www.google.com/maps/search/?api=1&query=43.932559,145.115018"
情報無し,宿泊,44.040593,145.860128,FALSE,宿泊種別: camp_site,OSM/既存CSV由来。営業期間・予約可否は要確認。 / OSM ID: node/6734098915,"https://www.google.com/maps/search/?api=1&query=44.040593,145.860128"
情報無し,宿泊,44.05694,143.507889,FALSE,宿泊種別: camp_site,OSM/既存CSV由来。営業期間・予約可否は要確認。 / OSM ID: node/4299523610,"https://www.google.com/maps/search/?api=1&query=44.05694,143.507889"
情報無し,宿泊,44.062408,144.998498,FALSE,宿泊種別: hotel,OSM/既存CSV由来。営業期間・予約可否は要確認。 / OSM ID: node/3547590993,"https://www.google.com/maps/search/?api=1&query=44.062408,144.998498"
情報無し,宿泊,44.173577,145.995289,FALSE,宿泊種別: camp_site,OSM/既存CSV由来。営業期間・予約可否は要確認。 / OSM ID: node/11090959466,"https://www.google.com/maps/search/?api=1&query=44.173577,145.995289"
情報無し,宿泊,44.331464,146.274413,FALSE,宿泊種別: camp_site,OSM/既存CSV由来。営業期間・予約可否は要確認。 / OSM ID: node/11090969740,"https://www.google.com/maps/search/?api=1&query=44.331464,146.274413"
旅荘さくら,宿泊,44.010622,144.233258,FALSE,宿泊種別: hotel,OSM/既存CSV由来。営業期間・予約可否は要確認。 / OSM ID: node/4003709043,"https://www.google.com/maps/search/?api=1&query=44.010622,144.233258"
旅館 青葉荘,宿泊,43.836279,144.104353,FALSE,宿泊種別: hotel,OSM/既存CSV由来。営業期間・予約可否は要確認。 / OSM ID: node/5207890031,"https://www.google.com/maps/search/?api=1&query=43.836279,144.104353"
旅館石川屋,宿泊,43.393378,145.124133,FALSE,宿泊種別: hotel,OSM/既存CSV由来。営業期間・予約可否は要確認。 / OSM ID: node/6586060785,"https://www.google.com/maps/search/?api=1&query=43.393378,145.124133"
旧国鉄保養所 鉄ちゃん&鉄子の宿,宿泊,43.982799,144.220232,FALSE,宿泊種別: hotel,OSM/既存CSV由来。営業期間・予約可否は要確認。 / OSM ID: node/4003709046,"https://www.google.com/maps/search/?api=1&query=43.982799,144.220232"
来止臥野営場,宿泊,42.951658,144.561567,FALSE,宿泊種別: camp_site / 運営: 釧路町経済部産業経済課,OSM/既存CSV由来。営業期間・予約可否は要確認。 / OSM ID: node/12908560589,"https://www.google.com/maps/search/?api=1&query=42.951658,144.561567"
来運水の学校,宿泊,43.834763,144.643204,FALSE,宿泊種別: camp_site,OSM/既存CSV由来。営業期間・予約可否は要確認。 / OSM ID: node/12159221070,"https://www.google.com/maps/search/?api=1&query=43.834763,144.643204"
東横イン 網走駅前,宿泊,44.020695,144.253396,FALSE,宿泊種別: hotel / ブランド: 東横イン / 運営: 東横イン / 電話: +81 152 45 1043,OSM/既存CSV由来。営業期間・予約可否は要確認。 / OSM ID: node/11936463096,"https://www.google.com/maps/search/?api=1&query=44.020695,144.253396"
果樹園キャンプ,宿泊,43.946484,144.280186,FALSE,宿泊種別: camp_site,OSM/既存CSV由来。営業期間・予約可否は要確認。 / OSM ID: node/12042946472,"https://www.google.com/maps/search/?api=1&query=43.946484,144.280186"
森と木の里キャンプ場,宿泊,43.925209,143.98349,FALSE,宿泊種別: camp_site / 運営: 北見市 / Web: https://www.city.kitami.lg.jp/administration/town/detail.php?content=10330,OSM/既存CSV由来。営業期間・予約可否は要確認。 / OSM ID: node/9030173756,"https://www.google.com/maps/search/?api=1&query=43.925209,143.98349"
民宿 森の家,宿泊,43.481186,144.453215,FALSE,宿泊種別: hostel,OSM/既存CSV由来。営業期間・予約可否は要確認。 / OSM ID: node/5110920923,"https://www.google.com/maps/search/?api=1&query=43.481186,144.453215"
民宿 鳥取,宿泊,43.012934,144.354877,FALSE,宿泊種別: guest_house / 運営: 民宿 鳥取 / 電話: +81 154-51-3559,OSM/既存CSV由来。営業期間・予約可否は要確認。 / OSM ID: node/6755469398,"https://www.google.com/maps/search/?api=1&query=43.012934,144.354877"
民宿鷲の宿,宿泊,44.034139,145.208454,FALSE,宿泊種別: 民宿鷲の宿,OSM/既存CSV由来。営業期間・予約可否は要確認。 / OSM ID: node/6506449985,"https://www.google.com/maps/search/?api=1&query=44.034139,145.208454"
浜小清水前浜キャンプ場,宿泊,43.934887,144.450967,FALSE,宿泊種別: camp_site,OSM/既存CSV由来。営業期間・予約可否は要確認。 / OSM ID: node/4059882439,"https://www.google.com/maps/search/?api=1&query=43.934887,144.450967"
温泉 民宿桐 Minshuku Kiri,宿泊,43.43405,144.091107,FALSE,宿泊種別: guest_house / 電話: +81 154-67-2755 / Web: http://www10.plala.or.jp/kiriminsyuku/,OSM/既存CSV由来。営業期間・予約可否は要確認。 / OSM ID: node/4201261652,"https://www.google.com/maps/search/?api=1&query=43.43405,144.091107"
温泉旅館もとよし,宿泊,43.982263,144.220726,FALSE,宿泊種別: hotel,OSM/既存CSV由来。営業期間・予約可否は要確認。 / OSM ID: node/4003709047,"https://www.google.com/maps/search/?api=1&query=43.982263,144.220726"
湖畔キャンプ場,宿泊,43.577044,144.30681,FALSE,宿泊種別: camp_site,OSM/既存CSV由来。営業期間・予約可否は要確認。 / OSM ID: node/4238894793,"https://www.google.com/maps/search/?api=1&query=43.577044,144.30681"
湯宿だいいち,宿泊,43.587564,144.722707,FALSE,宿泊種別: hotel,OSM/既存CSV由来。営業期間・予約可否は要確認。 / OSM ID: node/5110240021,"https://www.google.com/maps/search/?api=1&query=43.587564,144.722707"
知床プリンスホテル風なみ季,宿泊,44.071664,145.000494,FALSE,宿泊種別: hotel,OSM/既存CSV由来。営業期間・予約可否は要確認。 / OSM ID: node/3789932844,"https://www.google.com/maps/search/?api=1&query=44.071664,145.000494"
知床斜里駅周辺 宿泊候補エリア,宿泊,43.9108,144.6615,FALSE,知床前後の宿泊調整に向く。,具体施設はOSM/Googleから追加取得。,"https://www.google.com/maps/search/?api=1&query=43.9108,144.6615"
知床第一ホテル,宿泊,44.070632,145.004234,FALSE,宿泊種別: hotel,OSM/既存CSV由来。営業期間・予約可否は要確認。 / OSM ID: node/3789932867,"https://www.google.com/maps/search/?api=1&query=44.070632,145.004234"
第一静山キャンプ場,宿泊,43.130153,143.627342,FALSE,宿泊種別: camp_site,OSM/既存CSV由来。営業期間・予約可否は要確認。 / OSM ID: node/5703964722,"https://www.google.com/maps/search/?api=1&query=43.130153,143.627342"
第二静山キャンプ場,宿泊,43.13218,143.631838,FALSE,宿泊種別: camp_site,OSM/既存CSV由来。営業期間・予約可否は要確認。 / OSM ID: node/13295757198,"https://www.google.com/maps/search/?api=1&query=43.13218,143.631838"
築拓キャンプ場,宿泊,43.247958,145.249733,FALSE,宿泊種別: camp_site,OSM/既存CSV由来。営業期間・予約可否は要確認。 / OSM ID: node/12034990778,"https://www.google.com/maps/search/?api=1&query=43.247958,145.249733"
網走グリーンホテル,宿泊,44.020903,144.255095,FALSE,宿泊種別: hotel,OSM/既存CSV由来。営業期間・予約可否は要確認。 / OSM ID: node/4003709032,"https://www.google.com/maps/search/?api=1&query=44.020903,144.255095"
網走セントラルホテル,宿泊,44.02142,144.264578,FALSE,宿泊種別: hotel / Web: https://www.abashirich.com/,OSM/既存CSV由来。営業期間・予約可否は要確認。 / OSM ID: node/10027682891,"https://www.google.com/maps/search/?api=1&query=44.02142,144.264578"
網走ロイヤルホテル,宿泊,44.023036,144.25564,FALSE,宿泊種別: hotel / Web: https://abashiri-royal.jp/,OSM/既存CSV由来。営業期間・予約可否は要確認。 / OSM ID: node/4003709030,"https://www.google.com/maps/search/?api=1&query=44.023036,144.25564"
羅臼町中心部 宿泊候補エリア,宿泊,44.0203,145.1896,FALSE,ゴール後宿泊・海鮮体験と組み合わせる。,具体施設はOSM/Googleから追加取得。,"https://www.google.com/maps/search/?api=1&query=44.0203,145.1896"
美幌みどりの村森林公園キャンプ場,宿泊,43.836776,144.085596,FALSE,宿泊種別: camp_site,OSM/既存CSV由来。営業期間・予約可否は要確認。 / OSM ID: node/5045880422,"https://www.google.com/maps/search/?api=1&query=43.836776,144.085596"
茂岩山自然公園キャンプ場,宿泊,42.804194,143.496668,FALSE,宿泊種別: camp_site,OSM/既存CSV由来。営業期間・予約可否は要確認。 / OSM ID: node/12918480736,"https://www.google.com/maps/search/?api=1&query=42.804194,143.496668"
達古武オートキャンプ場,宿泊,43.109486,144.488976,FALSE,宿泊種別: camp_site,OSM/既存CSV由来。営業期間・予約可否は要確認。 / OSM ID: node/10682258206,"https://www.google.com/maps/search/?api=1&query=43.109486,144.488976"
釧路ロイヤルイン,宿泊,42.990249,144.380577,FALSE,宿泊種別: hotel,OSM/既存CSV由来。営業期間・予約可否は要確認。 / OSM ID: node/5913071347,"https://www.google.com/maps/search/?api=1&query=42.990249,144.380577"
釧路市山花公園オートキャンプ場,宿泊,43.088423,144.23214,FALSE,宿泊種別: camp_site,OSM/既存CSV由来。営業期間・予約可否は要確認。 / OSM ID: node/5963994732,"https://www.google.com/maps/search/?api=1&query=43.088423,144.23214"
銀河の森コテージ村,宿泊,43.45832,143.75924,FALSE,宿泊種別: camp_site / 電話: +81 156 27 4040 / Web: http://park19.wakwak.com/~rikubetsu/cottage/index.html,OSM/既存CSV由来。営業期間・予約可否は要確認。 / OSM ID: node/10020155609,"https://www.google.com/maps/search/?api=1&query=43.45832,143.75924"
阿寒湖畔キャンプ場,宿泊,43.433669,144.087166,FALSE,宿泊種別: camp_site,OSM/既存CSV由来。営業期間・予約可否は要確認。 / OSM ID: node/4982176721,"https://www.google.com/maps/search/?api=1&query=43.433669,144.087166"
鶴の里キャンプフィールド,宿泊,43.154522,144.327673,FALSE,宿泊種別: camp_site,OSM/既存CSV由来。営業期間・予約可否は要確認。 / OSM ID: node/12032078680,"https://www.google.com/maps/search/?api=1&query=43.154522,144.327673"
鶴居どさんこ牧場,宿泊,43.198562,144.387734,FALSE,宿泊種別: hotel,OSM/既存CSV由来。営業期間・予約可否は要確認。 / OSM ID: node/5534106625,"https://www.google.com/maps/search/?api=1&query=43.198562,144.387734"
あやめヶ原さわやかトイレ,トイレ,42.99531,144.919345,FALSE,種別: toilets,OSM/既存CSV由来。利用可否・冬季閉鎖・清潔度は要確認。 / OSM ID: node/2877029801,"https://www.google.com/maps/search/?api=1&query=42.99531,144.919345"
さわやかトイレ,トイレ,43.028917,144.861321,FALSE,種別: toilets,OSM/既存CSV由来。利用可否・冬季閉鎖・清潔度は要確認。 / OSM ID: node/2877251901,"https://www.google.com/maps/search/?api=1&query=43.028917,144.861321"
さわやかトイレ,トイレ,43.032235,144.839978,FALSE,種別: toilets,OSM/既存CSV由来。利用可否・冬季閉鎖・清潔度は要確認。 / OSM ID: node/2879072001,"https://www.google.com/maps/search/?api=1&query=43.032235,144.839978"
コーチャンフォー,トイレ,43.826515,143.916314,FALSE,種別: toilets / 運営: コーチャンフォー,OSM/既存CSV由来。利用可否・冬季閉鎖・清潔度は要確認。 / OSM ID: node/6177568042,"https://www.google.com/maps/search/?api=1&query=43.826515,143.916314"
コーチャンフォー,トイレ,43.826534,143.916316,FALSE,種別: toilets / 運営: コーチャンフォー,OSM/既存CSV由来。利用可否・冬季閉鎖・清潔度は要確認。 / OSM ID: node/6177568041,"https://www.google.com/maps/search/?api=1&query=43.826534,143.916316"
コーチャンフォー,トイレ,43.826596,143.916148,FALSE,種別: toilets / 運営: コーチャンフォー,OSM/既存CSV由来。利用可否・冬季閉鎖・清潔度は要確認。 / OSM ID: node/6177568043,"https://www.google.com/maps/search/?api=1&query=43.826596,143.916148"
川湯ビジターセンター周辺 トイレ候補,トイレ,43.6361,144.4388,FALSE,中間拠点のトイレ・休憩候補。開館時間に注意。,公式に開館時間記載。,"https://www.google.com/maps/search/?api=1&query=43.6361,144.4388"
情報無し,トイレ,42.890406,143.928203,FALSE,種別: toilets,OSM/既存CSV由来。利用可否・冬季閉鎖・清潔度は要確認。 / OSM ID: node/10158501776,"https://www.google.com/maps/search/?api=1&query=42.890406,143.928203"
情報無し,トイレ,42.937061,144.770907,FALSE,種別: toilets,OSM/既存CSV由来。利用可否・冬季閉鎖・清潔度は要確認。 / OSM ID: node/3103808872,"https://www.google.com/maps/search/?api=1&query=42.937061,144.770907"
情報無し,トイレ,42.970073,144.425302,FALSE,種別: toilets,OSM/既存CSV由来。利用可否・冬季閉鎖・清潔度は要確認。 / OSM ID: node/12944202054,"https://www.google.com/maps/search/?api=1&query=42.970073,144.425302"
情報無し,トイレ,42.9735,144.374487,FALSE,種別: toilets,OSM/既存CSV由来。利用可否・冬季閉鎖・清潔度は要確認。 / OSM ID: node/5678707035,"https://www.google.com/maps/search/?api=1&query=42.9735,144.374487"
情報無し,トイレ,42.978364,144.405207,FALSE,種別: toilets,OSM/既存CSV由来。利用可否・冬季閉鎖・清潔度は要確認。 / OSM ID: node/5216375148,"https://www.google.com/maps/search/?api=1&query=42.978364,144.405207"
情報無し,トイレ,42.979346,144.386732,FALSE,種別: toilets,OSM/既存CSV由来。利用可否・冬季閉鎖・清潔度は要確認。 / OSM ID: node/5678749021,"https://www.google.com/maps/search/?api=1&query=42.979346,144.386732"
情報無し,トイレ,43.01969,144.841807,FALSE,種別: toilets,OSM/既存CSV由来。利用可否・冬季閉鎖・清潔度は要確認。 / OSM ID: node/2879159101,"https://www.google.com/maps/search/?api=1&query=43.01969,144.841807"
情報無し,トイレ,43.023476,144.358076,FALSE,種別: toilets / 営業時間: 24/7,OSM/既存CSV由来。利用可否・冬季閉鎖・清潔度は要確認。 / OSM ID: node/5326417225,"https://www.google.com/maps/search/?api=1&query=43.023476,144.358076"
情報無し,トイレ,43.028947,144.860282,FALSE,種別: toilets,OSM/既存CSV由来。利用可否・冬季閉鎖・清潔度は要確認。 / OSM ID: node/2877182101,"https://www.google.com/maps/search/?api=1&query=43.028947,144.860282"
情報無し,トイレ,43.056032,144.841503,FALSE,種別: toilets,OSM/既存CSV由来。利用可否・冬季閉鎖・清潔度は要確認。 / OSM ID: node/13259777072,"https://www.google.com/maps/search/?api=1&query=43.056032,144.841503"
情報無し,トイレ,43.058293,144.196843,FALSE,種別: toilets,OSM/既存CSV由来。利用可否・冬季閉鎖・清潔度は要確認。 / OSM ID: node/13011149818,"https://www.google.com/maps/search/?api=1&query=43.058293,144.196843"
情報無し,トイレ,43.058845,144.794341,FALSE,種別: toilets,OSM/既存CSV由来。利用可否・冬季閉鎖・清潔度は要確認。 / OSM ID: node/5965334775,"https://www.google.com/maps/search/?api=1&query=43.058845,144.794341"
情報無し,トイレ,43.074185,144.320761,FALSE,種別: toilets,OSM/既存CSV由来。利用可否・冬季閉鎖・清潔度は要確認。 / OSM ID: node/4326441987 / OSM check_date: 2024-09-06,"https://www.google.com/maps/search/?api=1&query=43.074185,144.320761"
情報無し,トイレ,43.07769,143.962533,FALSE,種別: toilets,OSM/既存CSV由来。利用可否・冬季閉鎖・清潔度は要確認。 / OSM ID: node/10160393793,"https://www.google.com/maps/search/?api=1&query=43.07769,143.962533"
情報無し,トイレ,43.08273,145.161,FALSE,種別: toilets,OSM/既存CSV由来。利用可否・冬季閉鎖・清潔度は要確認。 / OSM ID: node/6594069762,"https://www.google.com/maps/search/?api=1&query=43.08273,145.161"
情報無し,トイレ,43.129307,145.027649,FALSE,種別: toilets,OSM/既存CSV由来。利用可否・冬季閉鎖・清潔度は要確認。 / OSM ID: node/13287259030,"https://www.google.com/maps/search/?api=1&query=43.129307,145.027649"
情報無し,トイレ,43.172903,145.506237,FALSE,種別: toilets,OSM/既存CSV由来。利用可否・冬季閉鎖・清潔度は要確認。 / OSM ID: node/5677283821,"https://www.google.com/maps/search/?api=1&query=43.172903,145.506237"
情報無し,トイレ,43.190973,144.46588,FALSE,種別: toilets,OSM/既存CSV由来。利用可否・冬季閉鎖・清潔度は要確認。 / OSM ID: node/5573732406,"https://www.google.com/maps/search/?api=1&query=43.190973,144.46588"
情報無し,トイレ,43.26168,145.438802,FALSE,種別: toilets,OSM/既存CSV由来。利用可否・冬季閉鎖・清潔度は要確認。 / OSM ID: node/2982245824,"https://www.google.com/maps/search/?api=1&query=43.26168,145.438802"
情報無し,トイレ,43.2796,145.588895,FALSE,種別: toilets,OSM/既存CSV由来。利用可否・冬季閉鎖・清潔度は要確認。 / OSM ID: node/3495901184,"https://www.google.com/maps/search/?api=1&query=43.2796,145.588895"
情報無し,トイレ,43.378841,143.970893,FALSE,種別: toilets,OSM/既存CSV由来。利用可否・冬季閉鎖・清潔度は要確認。 / OSM ID: node/4299896173,"https://www.google.com/maps/search/?api=1&query=43.378841,143.970893"
情報無し,トイレ,43.384173,145.689959,FALSE,種別: toilets,OSM/既存CSV由来。利用可否・冬季閉鎖・清潔度は要確認。 / OSM ID: node/5676754821,"https://www.google.com/maps/search/?api=1&query=43.384173,145.689959"
情報無し,トイレ,43.385186,145.811763,FALSE,種別: toilets,OSM/既存CSV由来。利用可否・冬季閉鎖・清潔度は要確認。 / OSM ID: node/10969270450,"https://www.google.com/maps/search/?api=1&query=43.385186,145.811763"
情報無し,トイレ,43.386056,145.811766,FALSE,種別: toilets,OSM/既存CSV由来。利用可否・冬季閉鎖・清潔度は要確認。 / OSM ID: node/10969270452,"https://www.google.com/maps/search/?api=1&query=43.386056,145.811766"
情報無し,トイレ,43.388045,145.287385,FALSE,種別: toilets,OSM/既存CSV由来。利用可否・冬季閉鎖・清潔度は要確認。 / OSM ID: node/4272531589,"https://www.google.com/maps/search/?api=1&query=43.388045,145.287385"
情報無し,トイレ,43.433751,144.101892,FALSE,種別: toilets,OSM/既存CSV由来。利用可否・冬季閉鎖・清潔度は要確認。 / OSM ID: node/13016356901,"https://www.google.com/maps/search/?api=1&query=43.433751,144.101892"
情報無し,トイレ,43.556071,144.507217,FALSE,種別: toilets,OSM/既存CSV由来。利用可否・冬季閉鎖・清潔度は要確認。 / OSM ID: node/4299706261,"https://www.google.com/maps/search/?api=1&query=43.556071,144.507217"
情報無し,トイレ,43.567213,145.34753,FALSE,種別: toilets,OSM/既存CSV由来。利用可否・冬季閉鎖・清潔度は要確認。 / OSM ID: node/6585513585,"https://www.google.com/maps/search/?api=1&query=43.567213,145.34753"
情報無し,トイレ,43.581147,145.327702,FALSE,種別: toilets,OSM/既存CSV由来。利用可否・冬季閉鎖・清潔度は要確認。 / OSM ID: node/6585451887,"https://www.google.com/maps/search/?api=1&query=43.581147,145.327702"
情報無し,トイレ,43.590433,145.334844,FALSE,種別: toilets,OSM/既存CSV由来。利用可否・冬季閉鎖・清潔度は要確認。 / OSM ID: node/4310478350,"https://www.google.com/maps/search/?api=1&query=43.590433,145.334844"
情報無し,トイレ,43.600954,144.570752,FALSE,種別: toilets,OSM/既存CSV由来。利用可否・冬季閉鎖・清潔度は要確認。 / OSM ID: node/2586664217,"https://www.google.com/maps/search/?api=1&query=43.600954,144.570752"
情報無し,トイレ,43.632291,144.724207,FALSE,種別: toilets,OSM/既存CSV由来。利用可否・冬季閉鎖・清潔度は要確認。 / OSM ID: node/10651449666,"https://www.google.com/maps/search/?api=1&query=43.632291,144.724207"
情報無し,トイレ,43.635156,144.437027,FALSE,種別: toilets,OSM/既存CSV由来。利用可否・冬季閉鎖・清潔度は要確認。 / OSM ID: node/5027739321,"https://www.google.com/maps/search/?api=1&query=43.635156,144.437027"
情報無し,トイレ,43.642809,144.900297,FALSE,種別: toilets,OSM/既存CSV由来。利用可否・冬季閉鎖・清潔度は要確認。 / OSM ID: node/13513904527,"https://www.google.com/maps/search/?api=1&query=43.642809,144.900297"
情報無し,トイレ,43.701845,144.025121,FALSE,種別: toilets,OSM/既存CSV由来。利用可否・冬季閉鎖・清潔度は要確認。 / OSM ID: node/5215204949,"https://www.google.com/maps/search/?api=1&query=43.701845,144.025121"
情報無し,トイレ,43.702043,144.913628,FALSE,種別: toilets,OSM/既存CSV由来。利用可否・冬季閉鎖・清潔度は要確認。 / OSM ID: node/10687841322,"https://www.google.com/maps/search/?api=1&query=43.702043,144.913628"
情報無し,トイレ,43.718321,144.505876,FALSE,種別: toilets,OSM/既存CSV由来。利用可否・冬季閉鎖・清潔度は要確認。 / OSM ID: node/13014578101 / OSM/既存CSV由来。利用可否・冬季閉鎖・清潔度は要確認。 / OSM ID: node/13014580701,"https://www.google.com/maps/search/?api=1&query=43.718321,144.505876"
情報無し,トイレ,43.815833,143.884308,FALSE,種別: toilets,OSM/既存CSV由来。利用可否・冬季閉鎖・清潔度は要確認。 / OSM ID: node/8242257934,"https://www.google.com/maps/search/?api=1&query=43.815833,143.884308"
情報無し,トイレ,43.815835,143.88434,FALSE,種別: toilets,OSM/既存CSV由来。利用可否・冬季閉鎖・清潔度は要確認。 / OSM ID: node/8242257933,"https://www.google.com/maps/search/?api=1&query=43.815835,143.88434"
情報無し,トイレ,43.815835,143.884371,FALSE,種別: toilets,OSM/既存CSV由来。利用可否・冬季閉鎖・清潔度は要確認。 / OSM ID: node/8242257932,"https://www.google.com/maps/search/?api=1&query=43.815835,143.884371"
情報無し,トイレ,43.844795,144.294612,FALSE,種別: toilets,OSM/既存CSV由来。利用可否・冬季閉鎖・清潔度は要確認。 / OSM ID: node/5816725510,"https://www.google.com/maps/search/?api=1&query=43.844795,144.294612"
情報無し,トイレ,43.85874,145.51308,FALSE,種別: toilets,OSM/既存CSV由来。利用可否・冬季閉鎖・清潔度は要確認。 / OSM ID: node/11124125268,"https://www.google.com/maps/search/?api=1&query=43.85874,145.51308"
情報無し,トイレ,43.860362,144.451353,FALSE,種別: toilets,OSM/既存CSV由来。利用可否・冬季閉鎖・清潔度は要確認。 / OSM ID: node/2980579407,"https://www.google.com/maps/search/?api=1&query=43.860362,144.451353"
情報無し,トイレ,43.916351,144.179639,FALSE,種別: toilets,OSM/既存CSV由来。利用可否・冬季閉鎖・清潔度は要確認。 / OSM ID: node/12116978853,"https://www.google.com/maps/search/?api=1&query=43.916351,144.179639"
情報無し,トイレ,43.996545,144.228837,FALSE,種別: toilets,OSM/既存CSV由来。利用可否・冬季閉鎖・清潔度は要確認。 / OSM ID: node/12198105966,"https://www.google.com/maps/search/?api=1&query=43.996545,144.228837"
情報無し,トイレ,44.002064,145.791093,FALSE,種別: toilets,OSM/既存CSV由来。利用可否・冬季閉鎖・清潔度は要確認。 / OSM ID: node/13027063342,"https://www.google.com/maps/search/?api=1&query=44.002064,145.791093"
情報無し,トイレ,44.017487,145.192267,FALSE,種別: toilets,OSM/既存CSV由来。利用可否・冬季閉鎖・清潔度は要確認。 / OSM ID: node/2587108581 / OSM check_date: 2024-09-10,"https://www.google.com/maps/search/?api=1&query=44.017487,145.192267"
情報無し,トイレ,44.027896,145.859672,FALSE,種別: toilets,OSM/既存CSV由来。利用可否・冬季閉鎖・清潔度は要確認。 / OSM ID: node/12162409158,"https://www.google.com/maps/search/?api=1&query=44.027896,145.859672"
情報無し,トイレ,44.040381,145.860441,FALSE,種別: toilets,OSM/既存CSV由来。利用可否・冬季閉鎖・清潔度は要確認。 / OSM ID: node/6734098916,"https://www.google.com/maps/search/?api=1&query=44.040381,145.860441"
情報無し,トイレ,44.099599,143.823391,FALSE,種別: toilets,OSM/既存CSV由来。利用可否・冬季閉鎖・清潔度は要確認。 / OSM ID: node/7300462448,"https://www.google.com/maps/search/?api=1&query=44.099599,143.823391"
情報無し,トイレ,44.099601,143.823434,FALSE,種別: toilets,OSM/既存CSV由来。利用可否・冬季閉鎖・清潔度は要確認。 / OSM ID: node/7300462447,"https://www.google.com/maps/search/?api=1&query=44.099601,143.823434"
情報無し,トイレ,44.099606,143.823485,FALSE,種別: toilets,OSM/既存CSV由来。利用可否・冬季閉鎖・清潔度は要確認。 / OSM ID: node/7300462446,"https://www.google.com/maps/search/?api=1&query=44.099606,143.823485"
情報無し,トイレ,44.122242,145.080441,FALSE,種別: toilets,OSM/既存CSV由来。利用可否・冬季閉鎖・清潔度は要確認。 / OSM ID: node/5673955921,"https://www.google.com/maps/search/?api=1&query=44.122242,145.080441"
情報無し,トイレ,44.190206,145.324204,FALSE,種別: toilets,OSM/既存CSV由来。利用可否・冬季閉鎖・清潔度は要確認。 / OSM ID: node/6583832182,"https://www.google.com/maps/search/?api=1&query=44.190206,145.324204"
携帯トイレ専用ブース,トイレ,44.030575,145.092265,FALSE,種別: toilets,OSM/既存CSV由来。利用可否・冬季閉鎖・清潔度は要確認。 / OSM ID: node/9949655849,"https://www.google.com/maps/search/?api=1&query=44.030575,145.092265"
男大は夜間閉鎖(キャブコンのポータ処理対策),トイレ,43.533572,145.236823,FALSE,種別: toilets,OSM/既存CSV由来。利用可否・冬季閉鎖・清潔度は要確認。 / OSM ID: node/6612896802,"https://www.google.com/maps/search/?api=1&query=43.533572,145.236823"
細岡展望台周辺 トイレ候補,トイレ,43.103,144.4932,FALSE,湿原コース中盤のトイレ候補。利用可否・季節営業を確認。,OSM/現地確認で確定。,"https://www.google.com/maps/search/?api=1&query=43.103,144.4932"
Aidomari Hot Spring,水場,44.184523,145.317637,FALSE,自然種別: spring,OSM/既存CSV由来。飲用可否は必ず現地確認。 / OSM ID: node/6711181186,"https://www.google.com/maps/search/?api=1&query=44.184523,145.317637"
Перекаты теплого ручья,水場,44.000394,145.773498,FALSE,自然種別: spring,OSM/既存CSV由来。飲用可否は必ず現地確認。 / OSM ID: node/8090330917,"https://www.google.com/maps/search/?api=1&query=44.000394,145.773498"
三十三冷泉,水場,43.743754,144.45801,FALSE,自然種別: spring,OSM/既存CSV由来。飲用可否は必ず現地確認。 / OSM ID: node/9036538804,"https://www.google.com/maps/search/?api=1&query=43.743754,144.45801"
公衆浴場,水場,43.581831,144.314461,FALSE,自然種別: spring,OSM/既存CSV由来。飲用可否は必ず現地確認。 / OSM ID: node/6679688286,"https://www.google.com/maps/search/?api=1&query=43.581831,144.314461"
千歳橋,水場,43.396988,143.704,FALSE,自然種別: spring,OSM/既存CSV由来。飲用可否は必ず現地確認。 / OSM ID: node/6831764285,"https://www.google.com/maps/search/?api=1&query=43.396988,143.704"
和琴温泉,水場,43.579497,144.310637,FALSE,種別: public_bath / 自然種別: spring,OSM/既存CSV由来。飲用可否は必ず現地確認。 / OSM ID: node/4238894598,"https://www.google.com/maps/search/?api=1&query=43.579497,144.310637"
屈斜路湖 砂湯周辺,水場,43.6148,144.3449,FALSE,湖畔休憩ポイント。水辺・景観体験の候補。,飲用可否は現地確認必須。,"https://www.google.com/maps/search/?api=1&query=43.6148,144.3449"
情報無し,水場,43.182122,144.472009,FALSE,自然種別: spring,OSM/既存CSV由来。飲用可否は必ず現地確認。 / OSM ID: node/6056571185,"https://www.google.com/maps/search/?api=1&query=43.182122,144.472009"
情報無し,水場,44.016949,145.782038,FALSE,自然種別: spring,OSM/既存CSV由来。飲用可否は必ず現地確認。 / OSM ID: node/11329357429,"https://www.google.com/maps/search/?api=1&query=44.016949,145.782038"
情報無し,水場,44.332576,146.272496,FALSE,自然種別: spring,OSM/既存CSV由来。飲用可否は必ず現地確認。 / OSM ID: node/11090978708,"https://www.google.com/maps/search/?api=1&query=44.332576,146.272496"
相泊温泉,水場,44.163512,145.295706,FALSE,自然種別: spring,OSM/既存CSV由来。飲用可否は必ず現地確認。 / OSM ID: node/6583754336,"https://www.google.com/maps/search/?api=1&query=44.163512,145.295706"
若松湧水,水場,43.762314,143.918066,FALSE,自然種別: spring,OSM/既存CSV由来。飲用可否は必ず現地確認。 / OSM ID: node/4935836026,"https://www.google.com/maps/search/?api=1&query=43.762314,143.918066"
釧路湿原周辺 水辺注意エリア,水場,43.1,144.49,FALSE,水辺は景観価値が高いが、飲用水として扱わない。補給は自販機・コンビニ優先。,飲用可否は必ず現地確認。,"https://www.google.com/maps/search/?api=1&query=43.1,144.49"
銀嶺水,水場,43.711658,144.330318,FALSE,自然種別: spring,OSM/既存CSV由来。飲用可否は必ず現地確認。 / OSM ID: node/10159279140,"https://www.google.com/maps/search/?api=1&query=43.711658,144.330318"
神の子池 駐車場候補,駐車場,43.7047,144.5813,FALSE,車アクセス・送迎候補。ただし林道・入林届・季節条件に注意。,入林届対象区間に近いため要確認。,"https://www.google.com/maps/search/?api=1&query=43.7047,144.5813"
細岡展望台 駐車場候補,駐車場,43.103,144.4932,FALSE,車利用者の立ち寄り・送迎候補。台数・冬季状況は確認。,OSM/現地確認で確定。,"https://www.google.com/maps/search/?api=1&query=43.103,144.4932"
道の駅しゃり 駐車場周辺,駐車場,43.9119,144.67,FALSE,町中補給・休憩・集合場所候補。,住所・座標は要確認。,"https://www.google.com/maps/search/?api=1&query=43.9119,144.67"
摩周湖第一展望台,観光・見どころ,43.5773,144.5326,FALSE,カルデラ景観の象徴。天候次第で体験価値が大きい。,ルートからの利用可否は要確認。,"https://www.google.com/maps/search/?api=1&query=43.5773,144.5326"
神の子池,観光・見どころ,43.7047,144.5813,FALSE,裏摩周外輪山・神の子池トレイルの象徴的スポット。,公式サイトで地域トレイルとして言及。,"https://www.google.com/maps/search/?api=1&query=43.7047,144.5813"
細岡展望台,観光・見どころ,43.103,144.4932,FALSE,釧路湿原を一望できるハイライト。初回体験の象徴ポイント。,モデルコースのハイライトとして記載。,"https://www.google.com/maps/search/?api=1&query=43.103,144.4932"
ヒグマ注意:北海道東トレイル全般,危険エリア,43.7,144.7,FALSE,熊よけ鈴・スプレー・出没情報確認。単独行動は慎重に。,公式サイトの心得でヒグマ出没情報確認に言及。地点ではなく全体注意。,"https://www.google.com/maps/search/?api=1&query=43.7,144.7"
一般道歩行注意:北海道東トレイル全般,危険エリア,43.6,144.8,FALSE,一般道では車に注意。夜間・悪天候時は反射材とライト必須。,公式サイトの心得で一般道・安全確保に言及。地点ではなく全体注意。,"https://www.google.com/maps/search/?api=1&query=43.6,144.8"
神の子池林道 入林届対象区間,危険エリア,43.7,144.575,FALSE,入林届・ヒグマ・通信圏外等に注意。歩行前に最新情報確認。,公式サイトで入林届対象として記載。範囲は要GIS化。,"https://www.google.com/maps/search/?api=1&query=43.7,144.575"
藻琴山林道 入林届対象区間,危険エリア,43.67,144.3,FALSE,入林届・天候急変・車道歩行に注意。,公式サイトで入林届対象として記載。範囲は要GIS化。,"https://www.google.com/maps/search/?api=1&query=43.67,144.3"
通信圏外・売店少ない区間注意:北海道東トレイル全般,危険エリア,43.55,144.7,FALSE,売店・交通機関が少ない区間あり。水・食料・GPS・予備電源を事前確認。,公式サイトの心得で売店・交通機関・携帯圏外に言及。,"https://www.google.com/maps/search/?api=1&query=43.55,144.7"
